0.jpg,0.txt
1.jpg,1.txt
2.jpg,2.txt
3.jpg,3.txt
4.jpg,4.txt
5.jpg,5.txt
6.jpg,6.txt
7.jpg,7.txt
8.jpg,8.txt
9.jpg,9.txt
10.jpg,10.txt
11.jpg,11.txt
12.jpg,12.txt
13.jpg,13.txt
14.jpg,14.txt
15.jpg,15.txt
16.jpg,16.txt
17.jpg,17.txt
18.jpg,18.txt
19.jpg,19.txt
20.jpg,20.txt
21.jpg,21.txt
22.jpg,22.txt
23.jpg,23.txt
24.jpg,24.txt
25.jpg,25.txt
26.jpg,26.txt
27.jpg,27.txt
28.jpg,28.txt
29.jpg,29.txt
30.jpg,30.txt
31.jpg,31.txt
32.jpg,32.txt
33.jpg,33.txt
34.jpg,34.txt
35.jpg,35.txt
36.jpg,36.txt
37.jpg,37.txt
38.jpg,38.txt
39.jpg,39.txt
40.jpg,40.txt
41.jpg,41.txt
42.jpg,42.txt
43.jpg,43.txt
44.jpg,44.txt
45.jpg,45.txt
46.jpg,46.txt
47.jpg,47.txt
48.jpg,48.txt
49.jpg,49.txt
50.jpg,50.txt
51.jpg,51.txt
52.jpg,52.txt
53.jpg,53.txt
54.jpg,54.txt
55.jpg,55.txt
56.jpg,56.txt
57.jpg,57.txt
58.jpg,58.txt
59.jpg,59.txt
60.jpg,60.txt
61.jpg,61.txt
62.jpg,62.txt
63.jpg,63.txt
64.jpg,64.txt
65.jpg,65.txt
66.jpg,66.txt
67.jpg,67.txt
68.jpg,68.txt
69.jpg,69.txt
70.jpg,70.txt
71.jpg,71.txt
72.jpg,72.txt
73.jpg,73.txt
74.jpg,74.txt
75.jpg,75.txt
76.jpg,76.txt
77.jpg,77.txt
78.jpg,78.txt
79.jpg,79.txt
80.jpg,80.txt
81.jpg,81.txt
82.jpg,82.txt
83.jpg,83.txt
84.jpg,84.txt
85.jpg,85.txt
86.jpg,86.txt
87.jpg,87.txt
88.jpg,88.txt
89.jpg,89.txt
90.jpg,90.txt
91.jpg,91.txt
92.jpg,92.txt
93.jpg,93.txt
94.jpg,94.txt
95.jpg,95.txt
96.jpg,96.txt
97.jpg,97.txt
98.jpg,98.txt
99.jpg,99.txt
100.jpg,100.txt
101.jpg,101.txt
102.jpg,102.txt
103.jpg,103.txt
104.jpg,104.txt
105.jpg,105.txt
106.jpg,106.txt
107.jpg,107.txt
108.jpg,108.txt
109.jpg,109.txt
110.jpg,110.txt
111.jpg,111.txt
112.jpg,112.txt
113.jpg,113.txt
114.jpg,114.txt
115.jpg,115.txt
116.jpg,116.txt
117.jpg,117.txt
118.jpg,118.txt
119.jpg,119.txt
120.jpg,120.txt
121.jpg,121.txt
122.jpg,122.txt
123.jpg,123.txt
124.jpg,124.txt
125.jpg,125.txt
126.jpg,126.txt
127.jpg,127.txt
128.jpg,128.txt
129.jpg,129.txt
130.jpg,130.txt
131.jpg,131.txt
132.jpg,132.txt
133.jpg,133.txt
134.jpg,134.txt
135.jpg,135.txt
136.jpg,136.txt
137.jpg,137.txt
138.jpg,138.txt
139.jpg,139.txt
140.jpg,140.txt
141.jpg,141.txt
142.jpg,142.txt
143.jpg,143.txt
144.jpg,144.txt
145.jpg,145.txt
146.jpg,146.txt
147.jpg,147.txt
148.jpg,148.txt
149.jpg,149.txt
150.jpg,150.txt
151.jpg,151.txt
152.jpg,152.txt
153.jpg,153.txt
154.jpg,154.txt
155.jpg,155.txt
156.jpg,156.txt
157.jpg,157.txt
158.jpg,158.txt
159.jpg,159.txt
160.jpg,160.txt
161.jpg,161.txt
162.jpg,162.txt
163.jpg,163.txt
164.jpg,164.txt
165.jpg,165.txt
166.jpg,166.txt
167.jpg,167.txt
168.jpg,168.txt
169.jpg,169.txt
170.jpg,170.txt
171.jpg,171.txt
172.jpg,172.txt
173.jpg,173.txt
174.jpg,174.txt
175.jpg,175.txt
176.jpg,176.txt
177.jpg,177.txt
178.jpg,178.txt
179.jpg,179.txt
180.jpg,180.txt
181.jpg,181.txt
182.jpg,182.txt
183.jpg,183.txt
184.jpg,184.txt
185.jpg,185.txt
186.jpg,186.txt
187.jpg,187.txt
188.jpg,188.txt
189.jpg,189.txt
190.jpg,190.txt
191.jpg,191.txt
192.jpg,192.txt
193.jpg,193.txt
194.jpg,194.txt
195.jpg,195.txt
196.jpg,196.txt
197.jpg,197.txt
198.jpg,198.txt
199.jpg,199.txt
200.jpg,200.txt
201.jpg,201.txt
202.jpg,202.txt
203.jpg,203.txt
204.jpg,204.txt
205.jpg,205.txt
206.jpg,206.txt
207.jpg,207.txt
208.jpg,208.txt
209.jpg,209.txt
210.jpg,210.txt
211.jpg,211.txt
212.jpg,212.txt
213.jpg,213.txt
214.jpg,214.txt
215.jpg,215.txt
216.jpg,216.txt
217.jpg,217.txt
218.jpg,218.txt
219.jpg,219.txt
220.jpg,220.txt
221.jpg,221.txt
222.jpg,222.txt
223.jpg,223.txt
224.jpg,224.txt
225.jpg,225.txt
226.jpg,226.txt
227.jpg,227.txt
228.jpg,228.txt
229.jpg,229.txt
230.jpg,230.txt
231.jpg,231.txt
232.jpg,232.txt
233.jpg,233.txt
234.jpg,234.txt
235.jpg,235.txt
236.jpg,236.txt
237.jpg,237.txt
238.jpg,238.txt
239.jpg,239.txt
240.jpg,240.txt
241.jpg,241.txt
242.jpg,242.txt
243.jpg,243.txt
244.jpg,244.txt
245.jpg,245.txt
246.jpg,246.txt
247.jpg,247.txt
248.jpg,248.txt
249.jpg,249.txt
250.jpg,250.txt
251.jpg,251.txt
252.jpg,252.txt
253.jpg,253.txt
254.jpg,254.txt
255.jpg,255.txt
256.jpg,256.txt
257.jpg,257.txt
258.jpg,258.txt
259.jpg,259.txt
260.jpg,260.txt
261.jpg,261.txt
262.jpg,262.txt
263.jpg,263.txt
264.jpg,264.txt
265.jpg,265.txt
266.jpg,266.txt
267.jpg,267.txt
268.jpg,268.txt
269.jpg,269.txt
270.jpg,270.txt
271.jpg,271.txt
272.jpg,272.txt
273.jpg,273.txt
274.jpg,274.txt
275.jpg,275.txt
276.jpg,276.txt
277.jpg,277.txt
278.jpg,278.txt
279.jpg,279.txt
280.jpg,280.txt
281.jpg,281.txt
282.jpg,282.txt
283.jpg,283.txt
284.jpg,284.txt
285.jpg,285.txt
286.jpg,286.txt
287.jpg,287.txt
288.jpg,288.txt
289.jpg,289.txt
290.jpg,290.txt
291.jpg,291.txt
292.jpg,292.txt
293.jpg,293.txt
294.jpg,294.txt
295.jpg,295.txt
296.jpg,296.txt
297.jpg,297.txt
298.jpg,298.txt
299.jpg,299.txt
300.jpg,300.txt
301.jpg,301.txt
302.jpg,302.txt
303.jpg,303.txt
304.jpg,304.txt
305.jpg,305.txt
306.jpg,306.txt
307.jpg,307.txt
308.jpg,308.txt
309.jpg,309.txt
310.jpg,310.txt
311.jpg,311.txt
312.jpg,312.txt
313.jpg,313.txt
314.jpg,314.txt
315.jpg,315.txt
316.jpg,316.txt
317.jpg,317.txt
318.jpg,318.txt
319.jpg,319.txt
320.jpg,320.txt
321.jpg,321.txt
322.jpg,322.txt
323.jpg,323.txt
324.jpg,324.txt
325.jpg,325.txt
326.jpg,326.txt
327.jpg,327.txt
328.jpg,328.txt
329.jpg,329.txt
330.jpg,330.txt
331.jpg,331.txt
332.jpg,332.txt
333.jpg,333.txt
334.jpg,334.txt
335.jpg,335.txt
336.jpg,336.txt
337.jpg,337.txt
338.jpg,338.txt
339.jpg,339.txt
340.jpg,340.txt
341.jpg,341.txt
342.jpg,342.txt
343.jpg,343.txt
344.jpg,344.txt
345.jpg,345.txt
346.jpg,346.txt
347.jpg,347.txt
348.jpg,348.txt
349.jpg,349.txt
350.jpg,350.txt
351.jpg,351.txt
352.jpg,352.txt
353.jpg,353.txt
354.jpg,354.txt
355.jpg,355.txt
356.jpg,356.txt
357.jpg,357.txt
358.jpg,358.txt
359.jpg,359.txt
360.jpg,360.txt
361.jpg,361.txt
362.jpg,362.txt
363.jpg,363.txt
364.jpg,364.txt
365.jpg,365.txt
366.jpg,366.txt
367.jpg,367.txt
368.jpg,368.txt
369.jpg,369.txt
370.jpg,370.txt
371.jpg,371.txt
372.jpg,372.txt
373.jpg,373.txt
374.jpg,374.txt
375.jpg,375.txt
376.jpg,376.txt
377.jpg,377.txt
378.jpg,378.txt
379.jpg,379.txt
380.jpg,380.txt
381.jpg,381.txt
382.jpg,382.txt
383.jpg,383.txt
384.jpg,384.txt
385.jpg,385.txt
386.jpg,386.txt
387.jpg,387.txt
388.jpg,388.txt
389.jpg,389.txt
390.jpg,390.txt
391.jpg,391.txt
392.jpg,392.txt
393.jpg,393.txt
394.jpg,394.txt
395.jpg,395.txt
396.jpg,396.txt
397.jpg,397.txt
398.jpg,398.txt
399.jpg,399.txt
400.jpg,400.txt
401.jpg,401.txt
402.jpg,402.txt
403.jpg,403.txt
404.jpg,404.txt
405.jpg,405.txt
406.jpg,406.txt
407.jpg,407.txt
408.jpg,408.txt
409.jpg,409.txt
410.jpg,410.txt
411.jpg,411.txt
412.jpg,412.txt
413.jpg,413.txt
414.jpg,414.txt
415.jpg,415.txt
416.jpg,416.txt
417.jpg,417.txt
418.jpg,418.txt
419.jpg,419.txt
420.jpg,420.txt
421.jpg,421.txt
422.jpg,422.txt
423.jpg,423.txt
424.jpg,424.txt
425.jpg,425.txt
426.jpg,426.txt
427.jpg,427.txt
428.jpg,428.txt
429.jpg,429.txt
430.jpg,430.txt
431.jpg,431.txt
432.jpg,432.txt
433.jpg,433.txt
434.jpg,434.txt
435.jpg,435.txt
436.jpg,436.txt
437.jpg,437.txt
438.jpg,438.txt
439.jpg,439.txt
440.jpg,440.txt
441.jpg,441.txt
442.jpg,442.txt
443.jpg,443.txt
444.jpg,444.txt
445.jpg,445.txt
446.jpg,446.txt
447.jpg,447.txt
448.jpg,448.txt
449.jpg,449.txt
450.jpg,450.txt
451.jpg,451.txt
452.jpg,452.txt
453.jpg,453.txt
454.jpg,454.txt
455.jpg,455.txt
456.jpg,456.txt
457.jpg,457.txt
458.jpg,458.txt
459.jpg,459.txt
460.jpg,460.txt
461.jpg,461.txt
462.jpg,462.txt
463.jpg,463.txt
464.jpg,464.txt
465.jpg,465.txt
466.jpg,466.txt
467.jpg,467.txt
468.jpg,468.txt
469.jpg,469.txt
470.jpg,470.txt
471.jpg,471.txt
472.jpg,472.txt
473.jpg,473.txt
474.jpg,474.txt
475.jpg,475.txt
476.jpg,476.txt
477.jpg,477.txt
478.jpg,478.txt
479.jpg,479.txt
480.jpg,480.txt
481.jpg,481.txt
482.jpg,482.txt
483.jpg,483.txt
484.jpg,484.txt
485.jpg,485.txt
486.jpg,486.txt
487.jpg,487.txt
488.jpg,488.txt
489.jpg,489.txt
490.jpg,490.txt
491.jpg,491.txt
492.jpg,492.txt
493.jpg,493.txt
494.jpg,494.txt
495.jpg,495.txt
496.jpg,496.txt
497.jpg,497.txt
498.jpg,498.txt
499.jpg,499.txt
500.jpg,500.txt
501.jpg,501.txt
502.jpg,502.txt
503.jpg,503.txt
504.jpg,504.txt
505.jpg,505.txt
506.jpg,506.txt
507.jpg,507.txt
508.jpg,508.txt
509.jpg,509.txt
510.jpg,510.txt
511.jpg,511.txt
512.jpg,512.txt
513.jpg,513.txt
514.jpg,514.txt
515.jpg,515.txt
516.jpg,516.txt
517.jpg,517.txt
518.jpg,518.txt
519.jpg,519.txt
520.jpg,520.txt
521.jpg,521.txt
522.jpg,522.txt
523.jpg,523.txt
524.jpg,524.txt
525.jpg,525.txt
526.jpg,526.txt
527.jpg,527.txt
528.jpg,528.txt
529.jpg,529.txt
530.jpg,530.txt
531.jpg,531.txt
532.jpg,532.txt
533.jpg,533.txt
534.jpg,534.txt
535.jpg,535.txt
536.jpg,536.txt
537.jpg,537.txt
538.jpg,538.txt
539.jpg,539.txt
540.jpg,540.txt
541.jpg,541.txt
542.jpg,542.txt
543.jpg,543.txt
544.jpg,544.txt
545.jpg,545.txt
546.jpg,546.txt
547.jpg,547.txt
548.jpg,548.txt
549.jpg,549.txt
550.jpg,550.txt
551.jpg,551.txt
552.jpg,552.txt
553.jpg,553.txt
554.jpg,554.txt
555.jpg,555.txt
556.jpg,556.txt
557.jpg,557.txt
558.jpg,558.txt
559.jpg,559.txt
560.jpg,560.txt
561.jpg,561.txt
562.jpg,562.txt
563.jpg,563.txt
564.jpg,564.txt
565.jpg,565.txt
566.jpg,566.txt
567.jpg,567.txt
568.jpg,568.txt
569.jpg,569.txt
570.jpg,570.txt
571.jpg,571.txt
572.jpg,572.txt
573.jpg,573.txt
574.jpg,574.txt
575.jpg,575.txt
576.jpg,576.txt
577.jpg,577.txt
578.jpg,578.txt
579.jpg,579.txt
580.jpg,580.txt
581.jpg,581.txt
582.jpg,582.txt
583.jpg,583.txt
584.jpg,584.txt
585.jpg,585.txt
586.jpg,586.txt
587.jpg,587.txt
588.jpg,588.txt
589.jpg,589.txt
590.jpg,590.txt
591.jpg,591.txt
592.jpg,592.txt
593.jpg,593.txt
594.jpg,594.txt
595.jpg,595.txt
596.jpg,596.txt
597.jpg,597.txt
598.jpg,598.txt
599.jpg,599.txt
600.jpg,600.txt
601.jpg,601.txt
602.jpg,602.txt
603.jpg,603.txt
604.jpg,604.txt
605.jpg,605.txt
606.jpg,606.txt
607.jpg,607.txt
608.jpg,608.txt
609.jpg,609.txt
610.jpg,610.txt
611.jpg,611.txt
612.jpg,612.txt
613.jpg,613.txt
614.jpg,614.txt
615.jpg,615.txt
616.jpg,616.txt
617.jpg,617.txt
618.jpg,618.txt
619.jpg,619.txt
620.jpg,620.txt
621.jpg,621.txt
622.jpg,622.txt
623.jpg,623.txt
624.jpg,624.txt
625.jpg,625.txt
626.jpg,626.txt
627.jpg,627.txt
628.jpg,628.txt
629.jpg,629.txt
630.jpg,630.txt
631.jpg,631.txt
632.jpg,632.txt
633.jpg,633.txt
634.jpg,634.txt
635.jpg,635.txt
636.jpg,636.txt
637.jpg,637.txt
638.jpg,638.txt
639.jpg,639.txt
640.jpg,640.txt
641.jpg,641.txt
642.jpg,642.txt
643.jpg,643.txt
644.jpg,644.txt
645.jpg,645.txt
646.jpg,646.txt
647.jpg,647.txt
648.jpg,648.txt
649.jpg,649.txt
650.jpg,650.txt
651.jpg,651.txt
652.jpg,652.txt
653.jpg,653.txt
654.jpg,654.txt
655.jpg,655.txt
656.jpg,656.txt
657.jpg,657.txt
658.jpg,658.txt
659.jpg,659.txt
660.jpg,660.txt
661.jpg,661.txt
662.jpg,662.txt
663.jpg,663.txt
664.jpg,664.txt
665.jpg,665.txt
666.jpg,666.txt
667.jpg,667.txt
668.jpg,668.txt
669.jpg,669.txt
670.jpg,670.txt
671.jpg,671.txt
672.jpg,672.txt
673.jpg,673.txt
674.jpg,674.txt
675.jpg,675.txt
676.jpg,676.txt
677.jpg,677.txt
678.jpg,678.txt
679.jpg,679.txt
680.jpg,680.txt
681.jpg,681.txt
682.jpg,682.txt
683.jpg,683.txt
684.jpg,684.txt
685.jpg,685.txt
686.jpg,686.txt
687.jpg,687.txt
688.jpg,688.txt
689.jpg,689.txt
690.jpg,690.txt
691.jpg,691.txt
692.jpg,692.txt
693.jpg,693.txt
694.jpg,694.txt
695.jpg,695.txt
696.jpg,696.txt
697.jpg,697.txt
698.jpg,698.txt
699.jpg,699.txt
700.jpg,700.txt
701.jpg,701.txt
702.jpg,702.txt
703.jpg,703.txt
704.jpg,704.txt
705.jpg,705.txt
706.jpg,706.txt
707.jpg,707.txt
708.jpg,708.txt
709.jpg,709.txt
710.jpg,710.txt
711.jpg,711.txt
712.jpg,712.txt
713.jpg,713.txt
714.jpg,714.txt
715.jpg,715.txt
716.jpg,716.txt
717.jpg,717.txt
718.jpg,718.txt
719.jpg,719.txt
720.jpg,720.txt
721.jpg,721.txt
722.jpg,722.txt
723.jpg,723.txt
724.jpg,724.txt
725.jpg,725.txt
726.jpg,726.txt
727.jpg,727.txt
728.jpg,728.txt
729.jpg,729.txt
730.jpg,730.txt
731.jpg,731.txt
732.jpg,732.txt
733.jpg,733.txt
734.jpg,734.txt
735.jpg,735.txt
736.jpg,736.txt
737.jpg,737.txt
738.jpg,738.txt
739.jpg,739.txt
740.jpg,740.txt
741.jpg,741.txt
742.jpg,742.txt
743.jpg,743.txt
744.jpg,744.txt
745.jpg,745.txt
746.jpg,746.txt
747.jpg,747.txt
748.jpg,748.txt
749.jpg,749.txt
750.jpg,750.txt
751.jpg,751.txt
752.jpg,752.txt
753.jpg,753.txt
754.jpg,754.txt
755.jpg,755.txt
756.jpg,756.txt
757.jpg,757.txt
758.jpg,758.txt
759.jpg,759.txt
760.jpg,760.txt
761.jpg,761.txt
762.jpg,762.txt
763.jpg,763.txt
764.jpg,764.txt
765.jpg,765.txt
766.jpg,766.txt
767.jpg,767.txt
768.jpg,768.txt
769.jpg,769.txt
770.jpg,770.txt
771.jpg,771.txt
772.jpg,772.txt
773.jpg,773.txt
774.jpg,774.txt
775.jpg,775.txt
776.jpg,776.txt
777.jpg,777.txt
778.jpg,778.txt
779.jpg,779.txt
780.jpg,780.txt
781.jpg,781.txt
782.jpg,782.txt
783.jpg,783.txt
784.jpg,784.txt
785.jpg,785.txt
786.jpg,786.txt
787.jpg,787.txt
788.jpg,788.txt
789.jpg,789.txt
790.jpg,790.txt
791.jpg,791.txt
792.jpg,792.txt
793.jpg,793.txt
794.jpg,794.txt
795.jpg,795.txt
796.jpg,796.txt
797.jpg,797.txt
798.jpg,798.txt
799.jpg,799.txt
800.jpg,800.txt
801.jpg,801.txt
802.jpg,802.txt
803.jpg,803.txt
804.jpg,804.txt
805.jpg,805.txt
806.jpg,806.txt
807.jpg,807.txt
808.jpg,808.txt
809.jpg,809.txt
810.jpg,810.txt
811.jpg,811.txt
812.jpg,812.txt
813.jpg,813.txt
814.jpg,814.txt
815.jpg,815.txt
816.jpg,816.txt
817.jpg,817.txt
818.jpg,818.txt
819.jpg,819.txt
820.jpg,820.txt
821.jpg,821.txt
822.jpg,822.txt
823.jpg,823.txt
824.jpg,824.txt
825.jpg,825.txt
826.jpg,826.txt
827.jpg,827.txt
828.jpg,828.txt
829.jpg,829.txt
830.jpg,830.txt
831.jpg,831.txt
832.jpg,832.txt
833.jpg,833.txt
834.jpg,834.txt
835.jpg,835.txt
836.jpg,836.txt
837.jpg,837.txt
838.jpg,838.txt
839.jpg,839.txt
840.jpg,840.txt
841.jpg,841.txt
842.jpg,842.txt
843.jpg,843.txt
844.jpg,844.txt
845.jpg,845.txt
846.jpg,846.txt
847.jpg,847.txt
848.jpg,848.txt
849.jpg,849.txt
850.jpg,850.txt
851.jpg,851.txt
852.jpg,852.txt
853.jpg,853.txt
854.jpg,854.txt
855.jpg,855.txt
856.jpg,856.txt
857.jpg,857.txt
858.jpg,858.txt
859.jpg,859.txt
860.jpg,860.txt
861.jpg,861.txt
862.jpg,862.txt
863.jpg,863.txt
864.jpg,864.txt
865.jpg,865.txt
866.jpg,866.txt
867.jpg,867.txt
868.jpg,868.txt
869.jpg,869.txt
870.jpg,870.txt
871.jpg,871.txt
872.jpg,872.txt
873.jpg,873.txt
874.jpg,874.txt
875.jpg,875.txt
876.jpg,876.txt
877.jpg,877.txt
878.jpg,878.txt
879.jpg,879.txt
880.jpg,880.txt
881.jpg,881.txt
882.jpg,882.txt
883.jpg,883.txt
884.jpg,884.txt
885.jpg,885.txt
886.jpg,886.txt
887.jpg,887.txt
888.jpg,888.txt
889.jpg,889.txt
890.jpg,890.txt
891.jpg,891.txt
892.jpg,892.txt
893.jpg,893.txt
894.jpg,894.txt
895.jpg,895.txt
896.jpg,896.txt
897.jpg,897.txt
898.jpg,898.txt
899.jpg,899.txt
900.jpg,900.txt
901.jpg,901.txt
902.jpg,902.txt
903.jpg,903.txt
904.jpg,904.txt
905.jpg,905.txt
906.jpg,906.txt
907.jpg,907.txt
908.jpg,908.txt
909.jpg,909.txt
910.jpg,910.txt
911.jpg,911.txt
912.jpg,912.txt
913.jpg,913.txt
914.jpg,914.txt
915.jpg,915.txt
916.jpg,916.txt
917.jpg,917.txt
918.jpg,918.txt
919.jpg,919.txt
920.jpg,920.txt
921.jpg,921.txt
922.jpg,922.txt
923.jpg,923.txt
924.jpg,924.txt
925.jpg,925.txt
926.jpg,926.txt
927.jpg,927.txt
928.jpg,928.txt
929.jpg,929.txt
930.jpg,930.txt
931.jpg,931.txt
932.jpg,932.txt
933.jpg,933.txt
934.jpg,934.txt
935.jpg,935.txt
936.jpg,936.txt
937.jpg,937.txt
938.jpg,938.txt
939.jpg,939.txt
940.jpg,940.txt
941.jpg,941.txt
942.jpg,942.txt
943.jpg,943.txt
944.jpg,944.txt
945.jpg,945.txt
946.jpg,946.txt
947.jpg,947.txt
948.jpg,948.txt
949.jpg,949.txt
950.jpg,950.txt
951.jpg,951.txt
952.jpg,952.txt
953.jpg,953.txt
954.jpg,954.txt
955.jpg,955.txt
956.jpg,956.txt
957.jpg,957.txt
958.jpg,958.txt
959.jpg,959.txt
960.jpg,960.txt
961.jpg,961.txt
962.jpg,962.txt
963.jpg,963.txt
964.jpg,964.txt
965.jpg,965.txt
966.jpg,966.txt
967.jpg,967.txt
968.jpg,968.txt
969.jpg,969.txt
970.jpg,970.txt
971.jpg,971.txt
972.jpg,972.txt
973.jpg,973.txt
974.jpg,974.txt
975.jpg,975.txt
976.jpg,976.txt
977.jpg,977.txt
978.jpg,978.txt
979.jpg,979.txt
980.jpg,980.txt
981.jpg,981.txt
982.jpg,982.txt
983.jpg,983.txt
984.jpg,984.txt
985.jpg,985.txt
986.jpg,986.txt
987.jpg,987.txt
988.jpg,988.txt
989.jpg,989.txt
990.jpg,990.txt
991.jpg,991.txt
992.jpg,992.txt
993.jpg,993.txt
994.jpg,994.txt
995.jpg,995.txt
996.jpg,996.txt
997.jpg,997.txt
998.jpg,998.txt
999.jpg,999.txt
1000.jpg,1000.txt
1001.jpg,1001.txt
1002.jpg,1002.txt
1003.jpg,1003.txt
1004.jpg,1004.txt
1005.jpg,1005.txt
1006.jpg,1006.txt
1007.jpg,1007.txt
1008.jpg,1008.txt
1009.jpg,1009.txt
1010.jpg,1010.txt
1011.jpg,1011.txt
1012.jpg,1012.txt
1013.jpg,1013.txt
1014.jpg,1014.txt
1015.jpg,1015.txt
1016.jpg,1016.txt
1017.jpg,1017.txt
1018.jpg,1018.txt
1019.jpg,1019.txt
1020.jpg,1020.txt
1021.jpg,1021.txt
1022.jpg,1022.txt
1023.jpg,1023.txt
1024.jpg,1024.txt
1025.jpg,1025.txt
1026.jpg,1026.txt
1027.jpg,1027.txt
1028.jpg,1028.txt
1029.jpg,1029.txt
1030.jpg,1030.txt
1031.jpg,1031.txt
1032.jpg,1032.txt
1033.jpg,1033.txt
1034.jpg,1034.txt
1035.jpg,1035.txt
1036.jpg,1036.txt
1037.jpg,1037.txt
1038.jpg,1038.txt
1039.jpg,1039.txt
1040.jpg,1040.txt
1041.jpg,1041.txt
1042.jpg,1042.txt
1043.jpg,1043.txt
1044.jpg,1044.txt
1045.jpg,1045.txt
1046.jpg,1046.txt
1047.jpg,1047.txt
1048.jpg,1048.txt
1049.jpg,1049.txt
1050.jpg,1050.txt
1051.jpg,1051.txt
1052.jpg,1052.txt
1053.jpg,1053.txt
1054.jpg,1054.txt
1055.jpg,1055.txt
1056.jpg,1056.txt
1057.jpg,1057.txt
1058.jpg,1058.txt
1059.jpg,1059.txt
1060.jpg,1060.txt
1061.jpg,1061.txt
1062.jpg,1062.txt
1063.jpg,1063.txt
1064.jpg,1064.txt
1065.jpg,1065.txt
1066.jpg,1066.txt
1067.jpg,1067.txt
1068.jpg,1068.txt
1069.jpg,1069.txt
1070.jpg,1070.txt
1071.jpg,1071.txt
1072.jpg,1072.txt
1073.jpg,1073.txt
1074.jpg,1074.txt
1075.jpg,1075.txt
1076.jpg,1076.txt
1077.jpg,1077.txt
1078.jpg,1078.txt
1079.jpg,1079.txt
1080.jpg,1080.txt
1081.jpg,1081.txt
1082.jpg,1082.txt
1083.jpg,1083.txt
1084.jpg,1084.txt
1085.jpg,1085.txt
1086.jpg,1086.txt
1087.jpg,1087.txt
1088.jpg,1088.txt
1089.jpg,1089.txt
1090.jpg,1090.txt
1091.jpg,1091.txt
1092.jpg,1092.txt
1093.jpg,1093.txt
1094.jpg,1094.txt
1095.jpg,1095.txt
1096.jpg,1096.txt
1097.jpg,1097.txt
1098.jpg,1098.txt
1099.jpg,1099.txt
1100.jpg,1100.txt
1101.jpg,1101.txt
1102.jpg,1102.txt
1103.jpg,1103.txt
1104.jpg,1104.txt
1105.jpg,1105.txt
1106.jpg,1106.txt
1107.jpg,1107.txt
1108.jpg,1108.txt
1109.jpg,1109.txt
1110.jpg,1110.txt
1111.jpg,1111.txt
1112.jpg,1112.txt
1113.jpg,1113.txt
1114.jpg,1114.txt
1115.jpg,1115.txt
1116.jpg,1116.txt
1117.jpg,1117.txt
1118.jpg,1118.txt
1119.jpg,1119.txt
1120.jpg,1120.txt
1121.jpg,1121.txt
1122.jpg,1122.txt
1123.jpg,1123.txt
1124.jpg,1124.txt
1125.jpg,1125.txt
1126.jpg,1126.txt
1127.jpg,1127.txt
1128.jpg,1128.txt
1129.jpg,1129.txt
1130.jpg,1130.txt
1131.jpg,1131.txt
1132.jpg,1132.txt
1133.jpg,1133.txt
1134.jpg,1134.txt
1135.jpg,1135.txt
1136.jpg,1136.txt
1137.jpg,1137.txt
1138.jpg,1138.txt
1139.jpg,1139.txt
1140.jpg,1140.txt
1141.jpg,1141.txt
1142.jpg,1142.txt
1143.jpg,1143.txt
1144.jpg,1144.txt
1145.jpg,1145.txt
1146.jpg,1146.txt
1147.jpg,1147.txt
1148.jpg,1148.txt
1149.jpg,1149.txt
1150.jpg,1150.txt
1151.jpg,1151.txt
1152.jpg,1152.txt
1153.jpg,1153.txt
1154.jpg,1154.txt
1155.jpg,1155.txt
1156.jpg,1156.txt
1157.jpg,1157.txt
1158.jpg,1158.txt
1159.jpg,1159.txt
1160.jpg,1160.txt
1161.jpg,1161.txt
1162.jpg,1162.txt
1163.jpg,1163.txt
1164.jpg,1164.txt
1165.jpg,1165.txt
1166.jpg,1166.txt
1167.jpg,1167.txt
1168.jpg,1168.txt
1169.jpg,1169.txt
1170.jpg,1170.txt
1171.jpg,1171.txt
1172.jpg,1172.txt
1173.jpg,1173.txt
1174.jpg,1174.txt
1175.jpg,1175.txt
1176.jpg,1176.txt
1177.jpg,1177.txt
1178.jpg,1178.txt
1179.jpg,1179.txt
1180.jpg,1180.txt
1181.jpg,1181.txt
1182.jpg,1182.txt
1183.jpg,1183.txt
1184.jpg,1184.txt
1185.jpg,1185.txt
1186.jpg,1186.txt
1187.jpg,1187.txt
1188.jpg,1188.txt
1189.jpg,1189.txt
1190.jpg,1190.txt
1191.jpg,1191.txt
1192.jpg,1192.txt
1193.jpg,1193.txt
1194.jpg,1194.txt
1195.jpg,1195.txt
1196.jpg,1196.txt
1197.jpg,1197.txt
1198.jpg,1198.txt
1199.jpg,1199.txt
1200.jpg,1200.txt
1201.jpg,1201.txt
1202.jpg,1202.txt
1203.jpg,1203.txt
1204.jpg,1204.txt
1205.jpg,1205.txt
1206.jpg,1206.txt
1207.jpg,1207.txt
1208.jpg,1208.txt
1209.jpg,1209.txt
1210.jpg,1210.txt
1211.jpg,1211.txt
1212.jpg,1212.txt
1213.jpg,1213.txt
1214.jpg,1214.txt
1215.jpg,1215.txt
1216.jpg,1216.txt
1217.jpg,1217.txt
1218.jpg,1218.txt
1219.jpg,1219.txt
1220.jpg,1220.txt
1221.jpg,1221.txt
1222.jpg,1222.txt
1223.jpg,1223.txt
1224.jpg,1224.txt
1225.jpg,1225.txt
1226.jpg,1226.txt
1227.jpg,1227.txt
1228.jpg,1228.txt
1229.jpg,1229.txt
1230.jpg,1230.txt
1231.jpg,1231.txt
1232.jpg,1232.txt
1233.jpg,1233.txt
1234.jpg,1234.txt
1235.jpg,1235.txt
1236.jpg,1236.txt
1237.jpg,1237.txt
1238.jpg,1238.txt
1239.jpg,1239.txt
1240.jpg,1240.txt
1241.jpg,1241.txt
1242.jpg,1242.txt
1243.jpg,1243.txt
1244.jpg,1244.txt
1245.jpg,1245.txt
1246.jpg,1246.txt
1247.jpg,1247.txt
1248.jpg,1248.txt
1249.jpg,1249.txt
1250.jpg,1250.txt
1251.jpg,1251.txt
1252.jpg,1252.txt
1253.jpg,1253.txt
1254.jpg,1254.txt
1255.jpg,1255.txt
1256.jpg,1256.txt
1257.jpg,1257.txt
1258.jpg,1258.txt
1259.jpg,1259.txt
1260.jpg,1260.txt
1261.jpg,1261.txt
1262.jpg,1262.txt
1263.jpg,1263.txt
1264.jpg,1264.txt
1265.jpg,1265.txt
1266.jpg,1266.txt
1267.jpg,1267.txt
1268.jpg,1268.txt
1269.jpg,1269.txt
1270.jpg,1270.txt
1271.jpg,1271.txt
1272.jpg,1272.txt
1273.jpg,1273.txt
1274.jpg,1274.txt
1275.jpg,1275.txt
1276.jpg,1276.txt
1277.jpg,1277.txt
1278.jpg,1278.txt
1279.jpg,1279.txt
1280.jpg,1280.txt
1281.jpg,1281.txt
1282.jpg,1282.txt
1283.jpg,1283.txt
1284.jpg,1284.txt
1285.jpg,1285.txt
1286.jpg,1286.txt
1287.jpg,1287.txt
1288.jpg,1288.txt
1289.jpg,1289.txt
1290.jpg,1290.txt
1291.jpg,1291.txt
1292.jpg,1292.txt
1293.jpg,1293.txt
1294.jpg,1294.txt
1295.jpg,1295.txt
1296.jpg,1296.txt
1297.jpg,1297.txt
1298.jpg,1298.txt
1299.jpg,1299.txt
1300.jpg,1300.txt
1301.jpg,1301.txt
1302.jpg,1302.txt
1303.jpg,1303.txt
1304.jpg,1304.txt
1305.jpg,1305.txt
1306.jpg,1306.txt
1307.jpg,1307.txt
1308.jpg,1308.txt
1309.jpg,1309.txt
1310.jpg,1310.txt
1311.jpg,1311.txt
1312.jpg,1312.txt
1313.jpg,1313.txt
1314.jpg,1314.txt
1315.jpg,1315.txt
1316.jpg,1316.txt
1317.jpg,1317.txt
1318.jpg,1318.txt
1319.jpg,1319.txt
1320.jpg,1320.txt
1321.jpg,1321.txt
1322.jpg,1322.txt
1323.jpg,1323.txt
1324.jpg,1324.txt
1325.jpg,1325.txt
1326.jpg,1326.txt
1327.jpg,1327.txt
1328.jpg,1328.txt
1329.jpg,1329.txt
1330.jpg,1330.txt
1331.jpg,1331.txt
1332.jpg,1332.txt
1333.jpg,1333.txt
1334.jpg,1334.txt
1335.jpg,1335.txt
1336.jpg,1336.txt
1337.jpg,1337.txt
1338.jpg,1338.txt
1339.jpg,1339.txt
1340.jpg,1340.txt
1341.jpg,1341.txt
1342.jpg,1342.txt
1343.jpg,1343.txt
1344.jpg,1344.txt
1345.jpg,1345.txt
1346.jpg,1346.txt
1347.jpg,1347.txt
1348.jpg,1348.txt
1349.jpg,1349.txt
1350.jpg,1350.txt
1351.jpg,1351.txt
1352.jpg,1352.txt
1353.jpg,1353.txt
1354.jpg,1354.txt
1355.jpg,1355.txt
1356.jpg,1356.txt
1357.jpg,1357.txt
1358.jpg,1358.txt
1359.jpg,1359.txt
1360.jpg,1360.txt
1361.jpg,1361.txt
1362.jpg,1362.txt
1363.jpg,1363.txt
1364.jpg,1364.txt
1365.jpg,1365.txt
1366.jpg,1366.txt
1367.jpg,1367.txt
1368.jpg,1368.txt
1369.jpg,1369.txt
1370.jpg,1370.txt
1371.jpg,1371.txt
1372.jpg,1372.txt
1373.jpg,1373.txt
1374.jpg,1374.txt
1375.jpg,1375.txt
1376.jpg,1376.txt
1377.jpg,1377.txt
1378.jpg,1378.txt
1379.jpg,1379.txt
1380.jpg,1380.txt
1381.jpg,1381.txt
1382.jpg,1382.txt
1383.jpg,1383.txt
1384.jpg,1384.txt
1385.jpg,1385.txt
1386.jpg,1386.txt
1387.jpg,1387.txt
1388.jpg,1388.txt
1389.jpg,1389.txt
1390.jpg,1390.txt
1391.jpg,1391.txt
1392.jpg,1392.txt
1393.jpg,1393.txt
1394.jpg,1394.txt
1395.jpg,1395.txt
1396.jpg,1396.txt
1397.jpg,1397.txt
1398.jpg,1398.txt
1399.jpg,1399.txt
1400.jpg,1400.txt
1401.jpg,1401.txt
1402.jpg,1402.txt
1403.jpg,1403.txt
1404.jpg,1404.txt
1405.jpg,1405.txt
1406.jpg,1406.txt
1407.jpg,1407.txt
1408.jpg,1408.txt
1409.jpg,1409.txt
1410.jpg,1410.txt
1411.jpg,1411.txt
1412.jpg,1412.txt
1413.jpg,1413.txt
1414.jpg,1414.txt
1415.jpg,1415.txt
1416.jpg,1416.txt
1417.jpg,1417.txt
1418.jpg,1418.txt
1419.jpg,1419.txt
1420.jpg,1420.txt
1421.jpg,1421.txt
1422.jpg,1422.txt
1423.jpg,1423.txt
1424.jpg,1424.txt
1425.jpg,1425.txt
1426.jpg,1426.txt
1427.jpg,1427.txt
1428.jpg,1428.txt
1429.jpg,1429.txt
1430.jpg,1430.txt
1431.jpg,1431.txt
1432.jpg,1432.txt
1433.jpg,1433.txt
1434.jpg,1434.txt
1435.jpg,1435.txt
1436.jpg,1436.txt
1437.jpg,1437.txt
1438.jpg,1438.txt
1439.jpg,1439.txt
1440.jpg,1440.txt
1441.jpg,1441.txt
1442.jpg,1442.txt
1443.jpg,1443.txt
1444.jpg,1444.txt
1445.jpg,1445.txt
1446.jpg,1446.txt
1447.jpg,1447.txt
1448.jpg,1448.txt
1449.jpg,1449.txt
1450.jpg,1450.txt
1451.jpg,1451.txt
1452.jpg,1452.txt
1453.jpg,1453.txt
1454.jpg,1454.txt
1455.jpg,1455.txt
1456.jpg,1456.txt
1457.jpg,1457.txt
1458.jpg,1458.txt
1459.jpg,1459.txt
1460.jpg,1460.txt
1461.jpg,1461.txt
1462.jpg,1462.txt
1463.jpg,1463.txt
1464.jpg,1464.txt
1465.jpg,1465.txt
1466.jpg,1466.txt
1467.jpg,1467.txt
1468.jpg,1468.txt
1469.jpg,1469.txt
1470.jpg,1470.txt
1471.jpg,1471.txt
1472.jpg,1472.txt
1473.jpg,1473.txt
1474.jpg,1474.txt
1475.jpg,1475.txt
1476.jpg,1476.txt
1477.jpg,1477.txt
1478.jpg,1478.txt
1479.jpg,1479.txt
1480.jpg,1480.txt
1481.jpg,1481.txt
1482.jpg,1482.txt
1483.jpg,1483.txt
1484.jpg,1484.txt
1485.jpg,1485.txt
1486.jpg,1486.txt
1487.jpg,1487.txt
1488.jpg,1488.txt
1489.jpg,1489.txt
1490.jpg,1490.txt
1491.jpg,1491.txt
1492.jpg,1492.txt
1493.jpg,1493.txt
1494.jpg,1494.txt
1495.jpg,1495.txt
1496.jpg,1496.txt
1497.jpg,1497.txt
1498.jpg,1498.txt
1499.jpg,1499.txt
1500.jpg,1500.txt
1501.jpg,1501.txt
1502.jpg,1502.txt
1503.jpg,1503.txt
1504.jpg,1504.txt
1505.jpg,1505.txt
1506.jpg,1506.txt
1507.jpg,1507.txt
1508.jpg,1508.txt
1509.jpg,1509.txt
1510.jpg,1510.txt
1511.jpg,1511.txt
1512.jpg,1512.txt
1513.jpg,1513.txt
1514.jpg,1514.txt
1515.jpg,1515.txt
1516.jpg,1516.txt
1517.jpg,1517.txt
1518.jpg,1518.txt
1519.jpg,1519.txt
1520.jpg,1520.txt
1521.jpg,1521.txt
1522.jpg,1522.txt
1523.jpg,1523.txt
1524.jpg,1524.txt
1525.jpg,1525.txt
1526.jpg,1526.txt
1527.jpg,1527.txt
1528.jpg,1528.txt
1529.jpg,1529.txt
1530.jpg,1530.txt
1531.jpg,1531.txt
1532.jpg,1532.txt
1533.jpg,1533.txt
1534.jpg,1534.txt
1535.jpg,1535.txt
1536.jpg,1536.txt
1537.jpg,1537.txt
1538.jpg,1538.txt
1539.jpg,1539.txt
1540.jpg,1540.txt
1541.jpg,1541.txt
1542.jpg,1542.txt
1543.jpg,1543.txt
1544.jpg,1544.txt
1545.jpg,1545.txt
1546.jpg,1546.txt
1547.jpg,1547.txt
1548.jpg,1548.txt
1549.jpg,1549.txt
1550.jpg,1550.txt
1551.jpg,1551.txt
1552.jpg,1552.txt
1553.jpg,1553.txt
1554.jpg,1554.txt
1555.jpg,1555.txt
1556.jpg,1556.txt
1557.jpg,1557.txt
1558.jpg,1558.txt
1559.jpg,1559.txt
1560.jpg,1560.txt
1561.jpg,1561.txt
1562.jpg,1562.txt
1563.jpg,1563.txt
1564.jpg,1564.txt
1565.jpg,1565.txt
1566.jpg,1566.txt
1567.jpg,1567.txt
1568.jpg,1568.txt
1569.jpg,1569.txt
1570.jpg,1570.txt
1571.jpg,1571.txt
1572.jpg,1572.txt
1573.jpg,1573.txt
1574.jpg,1574.txt
1575.jpg,1575.txt
1576.jpg,1576.txt
1577.jpg,1577.txt
1578.jpg,1578.txt
1579.jpg,1579.txt
1580.jpg,1580.txt
1581.jpg,1581.txt
1582.jpg,1582.txt
1583.jpg,1583.txt
1584.jpg,1584.txt
1585.jpg,1585.txt
1586.jpg,1586.txt
1587.jpg,1587.txt
1588.jpg,1588.txt
1589.jpg,1589.txt
1590.jpg,1590.txt
1591.jpg,1591.txt
1592.jpg,1592.txt
1593.jpg,1593.txt
1594.jpg,1594.txt
1595.jpg,1595.txt
1596.jpg,1596.txt
1597.jpg,1597.txt
1598.jpg,1598.txt
1599.jpg,1599.txt
1600.jpg,1600.txt
1601.jpg,1601.txt
1602.jpg,1602.txt
1603.jpg,1603.txt
1604.jpg,1604.txt
1605.jpg,1605.txt
1606.jpg,1606.txt
1607.jpg,1607.txt
1608.jpg,1608.txt
1609.jpg,1609.txt
1610.jpg,1610.txt
1611.jpg,1611.txt
1612.jpg,1612.txt
1613.jpg,1613.txt
1614.jpg,1614.txt
1615.jpg,1615.txt
1616.jpg,1616.txt
1617.jpg,1617.txt
1618.jpg,1618.txt
1619.jpg,1619.txt
1620.jpg,1620.txt
1621.jpg,1621.txt
1622.jpg,1622.txt
1623.jpg,1623.txt
1624.jpg,1624.txt
1625.jpg,1625.txt
1626.jpg,1626.txt
1627.jpg,1627.txt
1628.jpg,1628.txt
1629.jpg,1629.txt
1630.jpg,1630.txt
1631.jpg,1631.txt
1632.jpg,1632.txt
1633.jpg,1633.txt
1634.jpg,1634.txt
1635.jpg,1635.txt
1636.jpg,1636.txt
1637.jpg,1637.txt
1638.jpg,1638.txt
1639.jpg,1639.txt
1640.jpg,1640.txt
1641.jpg,1641.txt
1642.jpg,1642.txt
1643.jpg,1643.txt
1644.jpg,1644.txt
1645.jpg,1645.txt
1646.jpg,1646.txt
1647.jpg,1647.txt
1648.jpg,1648.txt
1649.jpg,1649.txt
1650.jpg,1650.txt
1651.jpg,1651.txt
1652.jpg,1652.txt
1653.jpg,1653.txt
1654.jpg,1654.txt
1655.jpg,1655.txt
1656.jpg,1656.txt
1657.jpg,1657.txt
1658.jpg,1658.txt
1659.jpg,1659.txt
1660.jpg,1660.txt
1661.jpg,1661.txt
1662.jpg,1662.txt
1663.jpg,1663.txt
1664.jpg,1664.txt
1665.jpg,1665.txt
1666.jpg,1666.txt
1667.jpg,1667.txt
1668.jpg,1668.txt
1669.jpg,1669.txt
1670.jpg,1670.txt
1671.jpg,1671.txt
1672.jpg,1672.txt
1673.jpg,1673.txt
1674.jpg,1674.txt
1675.jpg,1675.txt
1676.jpg,1676.txt
1677.jpg,1677.txt
1678.jpg,1678.txt
1679.jpg,1679.txt
1680.jpg,1680.txt
1681.jpg,1681.txt
1682.jpg,1682.txt
1683.jpg,1683.txt
1684.jpg,1684.txt
1685.jpg,1685.txt
1686.jpg,1686.txt
1687.jpg,1687.txt
1688.jpg,1688.txt
1689.jpg,1689.txt
1690.jpg,1690.txt
1691.jpg,1691.txt
1692.jpg,1692.txt
1693.jpg,1693.txt
1694.jpg,1694.txt
1695.jpg,1695.txt
1696.jpg,1696.txt
1697.jpg,1697.txt
1698.jpg,1698.txt
1699.jpg,1699.txt
1700.jpg,1700.txt
1701.jpg,1701.txt
1702.jpg,1702.txt
1703.jpg,1703.txt
1704.jpg,1704.txt
1705.jpg,1705.txt
1706.jpg,1706.txt
1707.jpg,1707.txt
1708.jpg,1708.txt
1709.jpg,1709.txt
1710.jpg,1710.txt
1711.jpg,1711.txt
1712.jpg,1712.txt
1713.jpg,1713.txt
1714.jpg,1714.txt
1715.jpg,1715.txt
1716.jpg,1716.txt
1717.jpg,1717.txt
1718.jpg,1718.txt
1719.jpg,1719.txt
1720.jpg,1720.txt
1721.jpg,1721.txt
1722.jpg,1722.txt
1723.jpg,1723.txt
1724.jpg,1724.txt
1725.jpg,1725.txt
1726.jpg,1726.txt
1727.jpg,1727.txt
1728.jpg,1728.txt
1729.jpg,1729.txt
1730.jpg,1730.txt
1731.jpg,1731.txt
1732.jpg,1732.txt
1733.jpg,1733.txt
1734.jpg,1734.txt
1735.jpg,1735.txt
1736.jpg,1736.txt
1737.jpg,1737.txt
1738.jpg,1738.txt
1739.jpg,1739.txt
1740.jpg,1740.txt
1741.jpg,1741.txt
1742.jpg,1742.txt
1743.jpg,1743.txt
1744.jpg,1744.txt
1745.jpg,1745.txt
1746.jpg,1746.txt
1747.jpg,1747.txt
1748.jpg,1748.txt
1749.jpg,1749.txt
1750.jpg,1750.txt
1751.jpg,1751.txt
1752.jpg,1752.txt
1753.jpg,1753.txt
1754.jpg,1754.txt
1755.jpg,1755.txt
1756.jpg,1756.txt
1757.jpg,1757.txt
1758.jpg,1758.txt
1759.jpg,1759.txt
1760.jpg,1760.txt
1761.jpg,1761.txt
1762.jpg,1762.txt
1763.jpg,1763.txt
1764.jpg,1764.txt
1765.jpg,1765.txt
1766.jpg,1766.txt
1767.jpg,1767.txt
1768.jpg,1768.txt
1769.jpg,1769.txt
1770.jpg,1770.txt
1771.jpg,1771.txt
1772.jpg,1772.txt
1773.jpg,1773.txt
1774.jpg,1774.txt
1775.jpg,1775.txt
1776.jpg,1776.txt
1777.jpg,1777.txt
1778.jpg,1778.txt
1779.jpg,1779.txt
1780.jpg,1780.txt
1781.jpg,1781.txt
1782.jpg,1782.txt
1783.jpg,1783.txt
1784.jpg,1784.txt
1785.jpg,1785.txt
1786.jpg,1786.txt
1787.jpg,1787.txt
1788.jpg,1788.txt
1789.jpg,1789.txt
1790.jpg,1790.txt
1791.jpg,1791.txt
1792.jpg,1792.txt
1793.jpg,1793.txt
1794.jpg,1794.txt
1795.jpg,1795.txt
1796.jpg,1796.txt
1797.jpg,1797.txt
1798.jpg,1798.txt
1799.jpg,1799.txt
1800.jpg,1800.txt
1801.jpg,1801.txt
1802.jpg,1802.txt
1803.jpg,1803.txt
1804.jpg,1804.txt
1805.jpg,1805.txt
1806.jpg,1806.txt
1807.jpg,1807.txt
1808.jpg,1808.txt
1809.jpg,1809.txt
1810.jpg,1810.txt
1811.jpg,1811.txt
1812.jpg,1812.txt
1813.jpg,1813.txt
1814.jpg,1814.txt
1815.jpg,1815.txt
1816.jpg,1816.txt
1817.jpg,1817.txt
1818.jpg,1818.txt
1819.jpg,1819.txt
1820.jpg,1820.txt
1821.jpg,1821.txt
1822.jpg,1822.txt
1823.jpg,1823.txt
1824.jpg,1824.txt
1825.jpg,1825.txt
1826.jpg,1826.txt
1827.jpg,1827.txt
1828.jpg,1828.txt
1829.jpg,1829.txt
1830.jpg,1830.txt
1831.jpg,1831.txt
1832.jpg,1832.txt
1833.jpg,1833.txt
1834.jpg,1834.txt
1835.jpg,1835.txt
1836.jpg,1836.txt
1837.jpg,1837.txt
1838.jpg,1838.txt
1839.jpg,1839.txt
1840.jpg,1840.txt
1841.jpg,1841.txt
1842.jpg,1842.txt
1843.jpg,1843.txt
1844.jpg,1844.txt
1845.jpg,1845.txt
1846.jpg,1846.txt
1847.jpg,1847.txt
1848.jpg,1848.txt
1849.jpg,1849.txt
1850.jpg,1850.txt
1851.jpg,1851.txt
1852.jpg,1852.txt
1853.jpg,1853.txt
1854.jpg,1854.txt
1855.jpg,1855.txt
1856.jpg,1856.txt
1857.jpg,1857.txt
1858.jpg,1858.txt
1859.jpg,1859.txt
1860.jpg,1860.txt
1861.jpg,1861.txt
1862.jpg,1862.txt
1863.jpg,1863.txt
1864.jpg,1864.txt
1865.jpg,1865.txt
1866.jpg,1866.txt
1867.jpg,1867.txt
1868.jpg,1868.txt
1869.jpg,1869.txt
1870.jpg,1870.txt
1871.jpg,1871.txt
1872.jpg,1872.txt
1873.jpg,1873.txt
1874.jpg,1874.txt
1875.jpg,1875.txt
1876.jpg,1876.txt
1877.jpg,1877.txt
1878.jpg,1878.txt
1879.jpg,1879.txt
1880.jpg,1880.txt
1881.jpg,1881.txt
1882.jpg,1882.txt
1883.jpg,1883.txt
1884.jpg,1884.txt
1885.jpg,1885.txt
1886.jpg,1886.txt
1887.jpg,1887.txt
1888.jpg,1888.txt
1889.jpg,1889.txt
1890.jpg,1890.txt
1891.jpg,1891.txt
1892.jpg,1892.txt
1893.jpg,1893.txt
1894.jpg,1894.txt
1895.jpg,1895.txt
1896.jpg,1896.txt
1897.jpg,1897.txt
1898.jpg,1898.txt
1899.jpg,1899.txt
1900.jpg,1900.txt
1901.jpg,1901.txt
1902.jpg,1902.txt
1903.jpg,1903.txt
1904.jpg,1904.txt
1905.jpg,1905.txt
1906.jpg,1906.txt
1907.jpg,1907.txt
1908.jpg,1908.txt
1909.jpg,1909.txt
1910.jpg,1910.txt
1911.jpg,1911.txt
1912.jpg,1912.txt
1913.jpg,1913.txt
1914.jpg,1914.txt
1915.jpg,1915.txt
1916.jpg,1916.txt
1917.jpg,1917.txt
1918.jpg,1918.txt
1919.jpg,1919.txt
1920.jpg,1920.txt
1921.jpg,1921.txt
1922.jpg,1922.txt
1923.jpg,1923.txt
1924.jpg,1924.txt
1925.jpg,1925.txt
1926.jpg,1926.txt
1927.jpg,1927.txt
1928.jpg,1928.txt
1929.jpg,1929.txt
1930.jpg,1930.txt
1931.jpg,1931.txt
1932.jpg,1932.txt
1933.jpg,1933.txt
1934.jpg,1934.txt
1935.jpg,1935.txt
1936.jpg,1936.txt
1937.jpg,1937.txt
1938.jpg,1938.txt
1939.jpg,1939.txt
1940.jpg,1940.txt
1941.jpg,1941.txt
1942.jpg,1942.txt
1943.jpg,1943.txt
1944.jpg,1944.txt
1945.jpg,1945.txt
1946.jpg,1946.txt
1947.jpg,1947.txt
1948.jpg,1948.txt
1949.jpg,1949.txt
1950.jpg,1950.txt
1951.jpg,1951.txt
1952.jpg,1952.txt
1953.jpg,1953.txt
1954.jpg,1954.txt
1955.jpg,1955.txt
1956.jpg,1956.txt
1957.jpg,1957.txt
1958.jpg,1958.txt
1959.jpg,1959.txt
1960.jpg,1960.txt
1961.jpg,1961.txt
1962.jpg,1962.txt
1963.jpg,1963.txt
1964.jpg,1964.txt
1965.jpg,1965.txt
1966.jpg,1966.txt
1967.jpg,1967.txt
1968.jpg,1968.txt
1969.jpg,1969.txt
1970.jpg,1970.txt
1971.jpg,1971.txt
1972.jpg,1972.txt
1973.jpg,1973.txt
1974.jpg,1974.txt
1975.jpg,1975.txt
1976.jpg,1976.txt
1977.jpg,1977.txt
1978.jpg,1978.txt
1979.jpg,1979.txt
1980.jpg,1980.txt
1981.jpg,1981.txt
1982.jpg,1982.txt
1983.jpg,1983.txt
1984.jpg,1984.txt
1985.jpg,1985.txt
1986.jpg,1986.txt
1987.jpg,1987.txt
1988.jpg,1988.txt
1989.jpg,1989.txt
1990.jpg,1990.txt
1991.jpg,1991.txt
1992.jpg,1992.txt
1993.jpg,1993.txt
1994.jpg,1994.txt
1995.jpg,1995.txt
1996.jpg,1996.txt
1997.jpg,1997.txt
1998.jpg,1998.txt
1999.jpg,1999.txt
2000.jpg,2000.txt
2001.jpg,2001.txt
2002.jpg,2002.txt
2003.jpg,2003.txt
2004.jpg,2004.txt
2005.jpg,2005.txt
2006.jpg,2006.txt
2007.jpg,2007.txt
2008.jpg,2008.txt
2009.jpg,2009.txt
2010.jpg,2010.txt
2011.jpg,2011.txt
2012.jpg,2012.txt
2013.jpg,2013.txt
2014.jpg,2014.txt
2015.jpg,2015.txt
2016.jpg,2016.txt
2017.jpg,2017.txt
2018.jpg,2018.txt
2019.jpg,2019.txt
2020.jpg,2020.txt
2021.jpg,2021.txt
2022.jpg,2022.txt
2023.jpg,2023.txt
2024.jpg,2024.txt
2025.jpg,2025.txt
2026.jpg,2026.txt
2027.jpg,2027.txt
2028.jpg,2028.txt
2029.jpg,2029.txt
2030.jpg,2030.txt
2031.jpg,2031.txt
2032.jpg,2032.txt
2033.jpg,2033.txt
2034.jpg,2034.txt
2035.jpg,2035.txt
2036.jpg,2036.txt
2037.jpg,2037.txt
2038.jpg,2038.txt
2039.jpg,2039.txt
2040.jpg,2040.txt
2041.jpg,2041.txt
2042.jpg,2042.txt
2043.jpg,2043.txt
2044.jpg,2044.txt
2045.jpg,2045.txt
2046.jpg,2046.txt
2047.jpg,2047.txt
2048.jpg,2048.txt
2049.jpg,2049.txt
2050.jpg,2050.txt
2051.jpg,2051.txt
2052.jpg,2052.txt
2053.jpg,2053.txt
2054.jpg,2054.txt
2055.jpg,2055.txt
2056.jpg,2056.txt
2057.jpg,2057.txt
2058.jpg,2058.txt
2059.jpg,2059.txt
2060.jpg,2060.txt
2061.jpg,2061.txt
2062.jpg,2062.txt
2063.jpg,2063.txt
2064.jpg,2064.txt
2065.jpg,2065.txt
2066.jpg,2066.txt
2067.jpg,2067.txt
2068.jpg,2068.txt
2069.jpg,2069.txt
2070.jpg,2070.txt
2071.jpg,2071.txt
2072.jpg,2072.txt
2073.jpg,2073.txt
2074.jpg,2074.txt
2075.jpg,2075.txt
2076.jpg,2076.txt
2077.jpg,2077.txt
2078.jpg,2078.txt
2079.jpg,2079.txt
2080.jpg,2080.txt
2081.jpg,2081.txt
2082.jpg,2082.txt
2083.jpg,2083.txt
2084.jpg,2084.txt
2085.jpg,2085.txt
2086.jpg,2086.txt
2087.jpg,2087.txt
2088.jpg,2088.txt
2089.jpg,2089.txt
2090.jpg,2090.txt
2091.jpg,2091.txt
2092.jpg,2092.txt
2093.jpg,2093.txt
2094.jpg,2094.txt
2095.jpg,2095.txt
2096.jpg,2096.txt
2097.jpg,2097.txt
2098.jpg,2098.txt
2099.jpg,2099.txt
2100.jpg,2100.txt
2101.jpg,2101.txt
2102.jpg,2102.txt
2103.jpg,2103.txt
2104.jpg,2104.txt
2105.jpg,2105.txt
2106.jpg,2106.txt
2107.jpg,2107.txt
2108.jpg,2108.txt
2109.jpg,2109.txt
2110.jpg,2110.txt
2111.jpg,2111.txt
2112.jpg,2112.txt
2113.jpg,2113.txt
2114.jpg,2114.txt
2115.jpg,2115.txt
2116.jpg,2116.txt
2117.jpg,2117.txt
2118.jpg,2118.txt
2119.jpg,2119.txt
2120.jpg,2120.txt
2121.jpg,2121.txt
2122.jpg,2122.txt
2123.jpg,2123.txt
2124.jpg,2124.txt
2125.jpg,2125.txt
2126.jpg,2126.txt
2127.jpg,2127.txt
2128.jpg,2128.txt
2129.jpg,2129.txt
2130.jpg,2130.txt
2131.jpg,2131.txt
2132.jpg,2132.txt
2133.jpg,2133.txt
2134.jpg,2134.txt
2135.jpg,2135.txt
2136.jpg,2136.txt
2137.jpg,2137.txt
2138.jpg,2138.txt
2139.jpg,2139.txt
2140.jpg,2140.txt
2141.jpg,2141.txt
2142.jpg,2142.txt
2143.jpg,2143.txt
2144.jpg,2144.txt
2145.jpg,2145.txt
2146.jpg,2146.txt
2147.jpg,2147.txt
2148.jpg,2148.txt
2149.jpg,2149.txt
2150.jpg,2150.txt
2151.jpg,2151.txt
2152.jpg,2152.txt
2153.jpg,2153.txt
2154.jpg,2154.txt
2155.jpg,2155.txt
2156.jpg,2156.txt
2157.jpg,2157.txt
2158.jpg,2158.txt
2159.jpg,2159.txt
2160.jpg,2160.txt
2161.jpg,2161.txt
2162.jpg,2162.txt
2163.jpg,2163.txt
2164.jpg,2164.txt
2165.jpg,2165.txt
2166.jpg,2166.txt
2167.jpg,2167.txt
2168.jpg,2168.txt
2169.jpg,2169.txt
2170.jpg,2170.txt
2171.jpg,2171.txt
2172.jpg,2172.txt
2173.jpg,2173.txt
2174.jpg,2174.txt
2175.jpg,2175.txt
2176.jpg,2176.txt
2177.jpg,2177.txt
2178.jpg,2178.txt
2179.jpg,2179.txt
2180.jpg,2180.txt
2181.jpg,2181.txt
2182.jpg,2182.txt
2183.jpg,2183.txt
2184.jpg,2184.txt
2185.jpg,2185.txt
2186.jpg,2186.txt
2187.jpg,2187.txt
2188.jpg,2188.txt
2189.jpg,2189.txt
2190.jpg,2190.txt
2191.jpg,2191.txt
2192.jpg,2192.txt
2193.jpg,2193.txt
2194.jpg,2194.txt
2195.jpg,2195.txt
2196.jpg,2196.txt
2197.jpg,2197.txt
2198.jpg,2198.txt
2199.jpg,2199.txt
2200.jpg,2200.txt
2201.jpg,2201.txt
2202.jpg,2202.txt
2203.jpg,2203.txt
2204.jpg,2204.txt
2205.jpg,2205.txt
2206.jpg,2206.txt
2207.jpg,2207.txt
2208.jpg,2208.txt
2209.jpg,2209.txt
2210.jpg,2210.txt
2211.jpg,2211.txt
2212.jpg,2212.txt
2213.jpg,2213.txt
2214.jpg,2214.txt
2215.jpg,2215.txt
2216.jpg,2216.txt
2217.jpg,2217.txt
2218.jpg,2218.txt
2219.jpg,2219.txt
2220.jpg,2220.txt
2221.jpg,2221.txt
2222.jpg,2222.txt
2223.jpg,2223.txt
2224.jpg,2224.txt
2225.jpg,2225.txt
2226.jpg,2226.txt
2227.jpg,2227.txt
2228.jpg,2228.txt
2229.jpg,2229.txt
2230.jpg,2230.txt
2231.jpg,2231.txt
2232.jpg,2232.txt
2233.jpg,2233.txt
2234.jpg,2234.txt
2235.jpg,2235.txt
2236.jpg,2236.txt
2237.jpg,2237.txt
2238.jpg,2238.txt
2239.jpg,2239.txt
2240.jpg,2240.txt
2241.jpg,2241.txt
2242.jpg,2242.txt
2243.jpg,2243.txt
2244.jpg,2244.txt
2245.jpg,2245.txt
2246.jpg,2246.txt
2247.jpg,2247.txt
2248.jpg,2248.txt
2249.jpg,2249.txt
2250.jpg,2250.txt
2251.jpg,2251.txt
2252.jpg,2252.txt
2253.jpg,2253.txt
2254.jpg,2254.txt
2255.jpg,2255.txt
2256.jpg,2256.txt
2257.jpg,2257.txt
2258.jpg,2258.txt
2259.jpg,2259.txt
2260.jpg,2260.txt
2261.jpg,2261.txt
2262.jpg,2262.txt
2263.jpg,2263.txt
2264.jpg,2264.txt
2265.jpg,2265.txt
2266.jpg,2266.txt
2267.jpg,2267.txt
2268.jpg,2268.txt
2269.jpg,2269.txt
2270.jpg,2270.txt
2271.jpg,2271.txt
2272.jpg,2272.txt
2273.jpg,2273.txt
2274.jpg,2274.txt
2275.jpg,2275.txt
2276.jpg,2276.txt
2277.jpg,2277.txt
2278.jpg,2278.txt
2279.jpg,2279.txt
2280.jpg,2280.txt
2281.jpg,2281.txt
2282.jpg,2282.txt
2283.jpg,2283.txt
2284.jpg,2284.txt
2285.jpg,2285.txt
2286.jpg,2286.txt
2287.jpg,2287.txt
2288.jpg,2288.txt
2289.jpg,2289.txt
2290.jpg,2290.txt
2291.jpg,2291.txt
2292.jpg,2292.txt
2293.jpg,2293.txt
2294.jpg,2294.txt
2295.jpg,2295.txt
2296.jpg,2296.txt
2297.jpg,2297.txt
2298.jpg,2298.txt
2299.jpg,2299.txt
2300.jpg,2300.txt
2301.jpg,2301.txt
2302.jpg,2302.txt
2303.jpg,2303.txt
2304.jpg,2304.txt
2305.jpg,2305.txt
2306.jpg,2306.txt
2307.jpg,2307.txt
2308.jpg,2308.txt
2309.jpg,2309.txt
2310.jpg,2310.txt
2311.jpg,2311.txt
2312.jpg,2312.txt
2313.jpg,2313.txt
2314.jpg,2314.txt
2315.jpg,2315.txt
2316.jpg,2316.txt
2317.jpg,2317.txt
2318.jpg,2318.txt
2319.jpg,2319.txt
2320.jpg,2320.txt
2321.jpg,2321.txt
2322.jpg,2322.txt
2323.jpg,2323.txt
2324.jpg,2324.txt
2325.jpg,2325.txt
2326.jpg,2326.txt
2327.jpg,2327.txt
2328.jpg,2328.txt
2329.jpg,2329.txt
2330.jpg,2330.txt
2331.jpg,2331.txt
2332.jpg,2332.txt
2333.jpg,2333.txt
2334.jpg,2334.txt
2335.jpg,2335.txt
2336.jpg,2336.txt
2337.jpg,2337.txt
2338.jpg,2338.txt
2339.jpg,2339.txt
2340.jpg,2340.txt
2341.jpg,2341.txt
2342.jpg,2342.txt
2343.jpg,2343.txt
2344.jpg,2344.txt
2345.jpg,2345.txt
2346.jpg,2346.txt
2347.jpg,2347.txt
2348.jpg,2348.txt
2349.jpg,2349.txt
2350.jpg,2350.txt
2351.jpg,2351.txt
2352.jpg,2352.txt
2353.jpg,2353.txt
2354.jpg,2354.txt
2355.jpg,2355.txt
2356.jpg,2356.txt
2357.jpg,2357.txt
2358.jpg,2358.txt
2359.jpg,2359.txt
2360.jpg,2360.txt
2361.jpg,2361.txt
2362.jpg,2362.txt
2363.jpg,2363.txt
2364.jpg,2364.txt
2365.jpg,2365.txt
2366.jpg,2366.txt
2367.jpg,2367.txt
2368.jpg,2368.txt
2369.jpg,2369.txt
2370.jpg,2370.txt
2371.jpg,2371.txt
2372.jpg,2372.txt
2373.jpg,2373.txt
2374.jpg,2374.txt
2375.jpg,2375.txt
2376.jpg,2376.txt
2377.jpg,2377.txt
2378.jpg,2378.txt
2379.jpg,2379.txt
2380.jpg,2380.txt
2381.jpg,2381.txt
2382.jpg,2382.txt
2383.jpg,2383.txt
2384.jpg,2384.txt
2385.jpg,2385.txt
2386.jpg,2386.txt
2387.jpg,2387.txt
2388.jpg,2388.txt
2389.jpg,2389.txt
2390.jpg,2390.txt
2391.jpg,2391.txt
2392.jpg,2392.txt
2393.jpg,2393.txt
2394.jpg,2394.txt
2395.jpg,2395.txt
2396.jpg,2396.txt
2397.jpg,2397.txt
2398.jpg,2398.txt
2399.jpg,2399.txt
2400.jpg,2400.txt
2401.jpg,2401.txt
2402.jpg,2402.txt
2403.jpg,2403.txt
2404.jpg,2404.txt
2405.jpg,2405.txt
2406.jpg,2406.txt
2407.jpg,2407.txt
2408.jpg,2408.txt
2409.jpg,2409.txt
2410.jpg,2410.txt
2411.jpg,2411.txt
2412.jpg,2412.txt
2413.jpg,2413.txt
2414.jpg,2414.txt
2415.jpg,2415.txt
2416.jpg,2416.txt
2417.jpg,2417.txt
2418.jpg,2418.txt
2419.jpg,2419.txt
2420.jpg,2420.txt
2421.jpg,2421.txt
2422.jpg,2422.txt
2423.jpg,2423.txt
2424.jpg,2424.txt
2425.jpg,2425.txt
2426.jpg,2426.txt
2427.jpg,2427.txt
2428.jpg,2428.txt
2429.jpg,2429.txt
2430.jpg,2430.txt
2431.jpg,2431.txt
2432.jpg,2432.txt
2433.jpg,2433.txt
2434.jpg,2434.txt
2435.jpg,2435.txt
2436.jpg,2436.txt
2437.jpg,2437.txt
2438.jpg,2438.txt
2439.jpg,2439.txt
2440.jpg,2440.txt
2441.jpg,2441.txt
2442.jpg,2442.txt
2443.jpg,2443.txt
2444.jpg,2444.txt
2445.jpg,2445.txt
2446.jpg,2446.txt
2447.jpg,2447.txt
2448.jpg,2448.txt
2449.jpg,2449.txt
2450.jpg,2450.txt
2451.jpg,2451.txt
2452.jpg,2452.txt
2453.jpg,2453.txt
2454.jpg,2454.txt
2455.jpg,2455.txt
2456.jpg,2456.txt
2457.jpg,2457.txt
2458.jpg,2458.txt
2459.jpg,2459.txt
2460.jpg,2460.txt
2461.jpg,2461.txt
2462.jpg,2462.txt
2463.jpg,2463.txt
2464.jpg,2464.txt
2465.jpg,2465.txt
2466.jpg,2466.txt
2467.jpg,2467.txt
2468.jpg,2468.txt
2469.jpg,2469.txt
2470.jpg,2470.txt
2471.jpg,2471.txt
2472.jpg,2472.txt
2473.jpg,2473.txt
2474.jpg,2474.txt
2475.jpg,2475.txt
2476.jpg,2476.txt
2477.jpg,2477.txt
2478.jpg,2478.txt
2479.jpg,2479.txt
2480.jpg,2480.txt
2481.jpg,2481.txt
2482.jpg,2482.txt
2483.jpg,2483.txt
2484.jpg,2484.txt
2485.jpg,2485.txt
2486.jpg,2486.txt
2487.jpg,2487.txt
2488.jpg,2488.txt
2489.jpg,2489.txt
2490.jpg,2490.txt
2491.jpg,2491.txt
2492.jpg,2492.txt
2493.jpg,2493.txt
2494.jpg,2494.txt
2495.jpg,2495.txt
2496.jpg,2496.txt
2497.jpg,2497.txt
2498.jpg,2498.txt
2499.jpg,2499.txt
2500.jpg,2500.txt
2501.jpg,2501.txt
2502.jpg,2502.txt
2503.jpg,2503.txt
2504.jpg,2504.txt
2505.jpg,2505.txt
2506.jpg,2506.txt
2507.jpg,2507.txt
2508.jpg,2508.txt
2509.jpg,2509.txt
2510.jpg,2510.txt
2511.jpg,2511.txt
2512.jpg,2512.txt
2513.jpg,2513.txt
2514.jpg,2514.txt
2515.jpg,2515.txt
2516.jpg,2516.txt
2517.jpg,2517.txt
2518.jpg,2518.txt
2519.jpg,2519.txt
2520.jpg,2520.txt
2521.jpg,2521.txt
2522.jpg,2522.txt
2523.jpg,2523.txt
2524.jpg,2524.txt
2525.jpg,2525.txt
2526.jpg,2526.txt
2527.jpg,2527.txt
2528.jpg,2528.txt
2529.jpg,2529.txt
2530.jpg,2530.txt
2531.jpg,2531.txt
2532.jpg,2532.txt
2533.jpg,2533.txt
2534.jpg,2534.txt
2535.jpg,2535.txt
2536.jpg,2536.txt
2537.jpg,2537.txt
2538.jpg,2538.txt
2539.jpg,2539.txt
2540.jpg,2540.txt
2541.jpg,2541.txt
2542.jpg,2542.txt
2543.jpg,2543.txt
2544.jpg,2544.txt
2545.jpg,2545.txt
2546.jpg,2546.txt
2547.jpg,2547.txt
2548.jpg,2548.txt
2549.jpg,2549.txt
2550.jpg,2550.txt
2551.jpg,2551.txt
2552.jpg,2552.txt
2553.jpg,2553.txt
2554.jpg,2554.txt
2555.jpg,2555.txt
2556.jpg,2556.txt
2557.jpg,2557.txt
2558.jpg,2558.txt
2559.jpg,2559.txt
2560.jpg,2560.txt
2561.jpg,2561.txt
2562.jpg,2562.txt
2563.jpg,2563.txt
2564.jpg,2564.txt
2565.jpg,2565.txt
2566.jpg,2566.txt
2567.jpg,2567.txt
2568.jpg,2568.txt
2569.jpg,2569.txt
2570.jpg,2570.txt
2571.jpg,2571.txt
2572.jpg,2572.txt
2573.jpg,2573.txt
2574.jpg,2574.txt
2575.jpg,2575.txt
2576.jpg,2576.txt
2577.jpg,2577.txt
2578.jpg,2578.txt
2579.jpg,2579.txt
2580.jpg,2580.txt
2581.jpg,2581.txt
2582.jpg,2582.txt
2583.jpg,2583.txt
2584.jpg,2584.txt
2585.jpg,2585.txt
2586.jpg,2586.txt
2587.jpg,2587.txt
2588.jpg,2588.txt
2589.jpg,2589.txt
2590.jpg,2590.txt
2591.jpg,2591.txt
2592.jpg,2592.txt
2593.jpg,2593.txt
2594.jpg,2594.txt
2595.jpg,2595.txt
2596.jpg,2596.txt
2597.jpg,2597.txt
2598.jpg,2598.txt
2599.jpg,2599.txt
2600.jpg,2600.txt
2601.jpg,2601.txt
2602.jpg,2602.txt
2603.jpg,2603.txt
2604.jpg,2604.txt
2605.jpg,2605.txt
2606.jpg,2606.txt
2607.jpg,2607.txt
2608.jpg,2608.txt
2609.jpg,2609.txt
2610.jpg,2610.txt
2611.jpg,2611.txt
2612.jpg,2612.txt
2613.jpg,2613.txt
2614.jpg,2614.txt
2615.jpg,2615.txt
2616.jpg,2616.txt
2617.jpg,2617.txt
2618.jpg,2618.txt
2619.jpg,2619.txt
2620.jpg,2620.txt
2621.jpg,2621.txt
2622.jpg,2622.txt
2623.jpg,2623.txt
2624.jpg,2624.txt
2625.jpg,2625.txt
2626.jpg,2626.txt
2627.jpg,2627.txt
2628.jpg,2628.txt
2629.jpg,2629.txt
2630.jpg,2630.txt
2631.jpg,2631.txt
2632.jpg,2632.txt
2633.jpg,2633.txt
2634.jpg,2634.txt
2635.jpg,2635.txt
2636.jpg,2636.txt
2637.jpg,2637.txt
2638.jpg,2638.txt
2639.jpg,2639.txt
2640.jpg,2640.txt
2641.jpg,2641.txt
2642.jpg,2642.txt
2643.jpg,2643.txt
2644.jpg,2644.txt
2645.jpg,2645.txt
2646.jpg,2646.txt
2647.jpg,2647.txt
2648.jpg,2648.txt
2649.jpg,2649.txt
2650.jpg,2650.txt
2651.jpg,2651.txt
2652.jpg,2652.txt
2653.jpg,2653.txt
2654.jpg,2654.txt
2655.jpg,2655.txt
2656.jpg,2656.txt
2657.jpg,2657.txt
2658.jpg,2658.txt
2659.jpg,2659.txt
2660.jpg,2660.txt
2661.jpg,2661.txt
2662.jpg,2662.txt
2663.jpg,2663.txt
2664.jpg,2664.txt
2665.jpg,2665.txt
2666.jpg,2666.txt
2667.jpg,2667.txt
2668.jpg,2668.txt
2669.jpg,2669.txt
2670.jpg,2670.txt
2671.jpg,2671.txt
2672.jpg,2672.txt
2673.jpg,2673.txt
2674.jpg,2674.txt
2675.jpg,2675.txt
2676.jpg,2676.txt
2677.jpg,2677.txt
2678.jpg,2678.txt
2679.jpg,2679.txt
2680.jpg,2680.txt
2681.jpg,2681.txt
2682.jpg,2682.txt
2683.jpg,2683.txt
2684.jpg,2684.txt
2685.jpg,2685.txt
2686.jpg,2686.txt
2687.jpg,2687.txt
2688.jpg,2688.txt
2689.jpg,2689.txt
2690.jpg,2690.txt
2691.jpg,2691.txt
2692.jpg,2692.txt
2693.jpg,2693.txt
2694.jpg,2694.txt
2695.jpg,2695.txt
2696.jpg,2696.txt
2697.jpg,2697.txt
2698.jpg,2698.txt
2699.jpg,2699.txt
2700.jpg,2700.txt
2701.jpg,2701.txt
2702.jpg,2702.txt
2703.jpg,2703.txt
2704.jpg,2704.txt
2705.jpg,2705.txt
2706.jpg,2706.txt
2707.jpg,2707.txt
2708.jpg,2708.txt
2709.jpg,2709.txt
2710.jpg,2710.txt
2711.jpg,2711.txt
2712.jpg,2712.txt
2713.jpg,2713.txt
2714.jpg,2714.txt
2715.jpg,2715.txt
2716.jpg,2716.txt
2717.jpg,2717.txt
2718.jpg,2718.txt
2719.jpg,2719.txt
2720.jpg,2720.txt
2721.jpg,2721.txt
2722.jpg,2722.txt
2723.jpg,2723.txt
2724.jpg,2724.txt
2725.jpg,2725.txt
2726.jpg,2726.txt
2727.jpg,2727.txt
2728.jpg,2728.txt
2729.jpg,2729.txt
2730.jpg,2730.txt
2731.jpg,2731.txt
2732.jpg,2732.txt
2733.jpg,2733.txt
2734.jpg,2734.txt
2735.jpg,2735.txt
2736.jpg,2736.txt
2737.jpg,2737.txt
2738.jpg,2738.txt
2739.jpg,2739.txt
2740.jpg,2740.txt
2741.jpg,2741.txt
2742.jpg,2742.txt
2743.jpg,2743.txt
2744.jpg,2744.txt
2745.jpg,2745.txt
2746.jpg,2746.txt
2747.jpg,2747.txt
2748.jpg,2748.txt
2749.jpg,2749.txt
2750.jpg,2750.txt
2751.jpg,2751.txt
2752.jpg,2752.txt
2753.jpg,2753.txt
2754.jpg,2754.txt
2755.jpg,2755.txt
2756.jpg,2756.txt
2757.jpg,2757.txt
2758.jpg,2758.txt
2759.jpg,2759.txt
2760.jpg,2760.txt
2761.jpg,2761.txt
2762.jpg,2762.txt
2763.jpg,2763.txt
2764.jpg,2764.txt
2765.jpg,2765.txt
2766.jpg,2766.txt
2767.jpg,2767.txt
2768.jpg,2768.txt
2769.jpg,2769.txt
2770.jpg,2770.txt
2771.jpg,2771.txt
2772.jpg,2772.txt
2773.jpg,2773.txt
2774.jpg,2774.txt
2775.jpg,2775.txt
2776.jpg,2776.txt
2777.jpg,2777.txt
2778.jpg,2778.txt
2779.jpg,2779.txt
2780.jpg,2780.txt
2781.jpg,2781.txt
2782.jpg,2782.txt
2783.jpg,2783.txt
2784.jpg,2784.txt
2785.jpg,2785.txt
2786.jpg,2786.txt
2787.jpg,2787.txt
2788.jpg,2788.txt
2789.jpg,2789.txt
2790.jpg,2790.txt
2791.jpg,2791.txt
2792.jpg,2792.txt
2793.jpg,2793.txt
2794.jpg,2794.txt
2795.jpg,2795.txt
2796.jpg,2796.txt
2797.jpg,2797.txt
2798.jpg,2798.txt
2799.jpg,2799.txt
2800.jpg,2800.txt
2801.jpg,2801.txt
2802.jpg,2802.txt
2803.jpg,2803.txt
2804.jpg,2804.txt
2805.jpg,2805.txt
2806.jpg,2806.txt
2807.jpg,2807.txt
2808.jpg,2808.txt
2809.jpg,2809.txt
2810.jpg,2810.txt
2811.jpg,2811.txt
2812.jpg,2812.txt
2813.jpg,2813.txt
2814.jpg,2814.txt
2815.jpg,2815.txt
2816.jpg,2816.txt
2817.jpg,2817.txt
2818.jpg,2818.txt
2819.jpg,2819.txt
2820.jpg,2820.txt
2821.jpg,2821.txt
2822.jpg,2822.txt
2823.jpg,2823.txt
2824.jpg,2824.txt
2825.jpg,2825.txt
2826.jpg,2826.txt
2827.jpg,2827.txt
2828.jpg,2828.txt
2829.jpg,2829.txt
2830.jpg,2830.txt
2831.jpg,2831.txt
2832.jpg,2832.txt
2833.jpg,2833.txt
2834.jpg,2834.txt
2835.jpg,2835.txt
2836.jpg,2836.txt
2837.jpg,2837.txt
2838.jpg,2838.txt
2839.jpg,2839.txt
2840.jpg,2840.txt
2841.jpg,2841.txt
2842.jpg,2842.txt
2843.jpg,2843.txt
2844.jpg,2844.txt
2845.jpg,2845.txt
2846.jpg,2846.txt
2847.jpg,2847.txt
2848.jpg,2848.txt
2849.jpg,2849.txt
2850.jpg,2850.txt
2851.jpg,2851.txt
2852.jpg,2852.txt
2853.jpg,2853.txt
2854.jpg,2854.txt
2855.jpg,2855.txt
2856.jpg,2856.txt
2857.jpg,2857.txt
2858.jpg,2858.txt
2859.jpg,2859.txt
2860.jpg,2860.txt
2861.jpg,2861.txt
2862.jpg,2862.txt
2863.jpg,2863.txt
2864.jpg,2864.txt
2865.jpg,2865.txt
2866.jpg,2866.txt
2867.jpg,2867.txt
2868.jpg,2868.txt
2869.jpg,2869.txt
2870.jpg,2870.txt
2871.jpg,2871.txt
2872.jpg,2872.txt
2873.jpg,2873.txt
2874.jpg,2874.txt
2875.jpg,2875.txt
2876.jpg,2876.txt
2877.jpg,2877.txt
2878.jpg,2878.txt
2879.jpg,2879.txt
2880.jpg,2880.txt
2881.jpg,2881.txt
2882.jpg,2882.txt
2883.jpg,2883.txt
2884.jpg,2884.txt
2885.jpg,2885.txt
2886.jpg,2886.txt
2887.jpg,2887.txt
2888.jpg,2888.txt
2889.jpg,2889.txt
2890.jpg,2890.txt
2891.jpg,2891.txt
2892.jpg,2892.txt
2893.jpg,2893.txt
2894.jpg,2894.txt
2895.jpg,2895.txt
2896.jpg,2896.txt
2897.jpg,2897.txt
2898.jpg,2898.txt
2899.jpg,2899.txt
2900.jpg,2900.txt
2901.jpg,2901.txt
2902.jpg,2902.txt
2903.jpg,2903.txt
2904.jpg,2904.txt
2905.jpg,2905.txt
2906.jpg,2906.txt
2907.jpg,2907.txt
2908.jpg,2908.txt
2909.jpg,2909.txt
2910.jpg,2910.txt
2911.jpg,2911.txt
2912.jpg,2912.txt
2913.jpg,2913.txt
2914.jpg,2914.txt
2915.jpg,2915.txt
2916.jpg,2916.txt
2917.jpg,2917.txt
2918.jpg,2918.txt
2919.jpg,2919.txt
2920.jpg,2920.txt
2921.jpg,2921.txt
2922.jpg,2922.txt
2923.jpg,2923.txt
2924.jpg,2924.txt
2925.jpg,2925.txt
2926.jpg,2926.txt
2927.jpg,2927.txt
2928.jpg,2928.txt
2929.jpg,2929.txt
2930.jpg,2930.txt
2931.jpg,2931.txt
2932.jpg,2932.txt
2933.jpg,2933.txt
2934.jpg,2934.txt
2935.jpg,2935.txt
2936.jpg,2936.txt
2937.jpg,2937.txt
2938.jpg,2938.txt
2939.jpg,2939.txt
2940.jpg,2940.txt
2941.jpg,2941.txt
2942.jpg,2942.txt
2943.jpg,2943.txt
2944.jpg,2944.txt
2945.jpg,2945.txt
2946.jpg,2946.txt
2947.jpg,2947.txt
2948.jpg,2948.txt
2949.jpg,2949.txt
2950.jpg,2950.txt
2951.jpg,2951.txt
2952.jpg,2952.txt
2953.jpg,2953.txt
2954.jpg,2954.txt
2955.jpg,2955.txt
2956.jpg,2956.txt
2957.jpg,2957.txt
2958.jpg,2958.txt
2959.jpg,2959.txt
2960.jpg,2960.txt
2961.jpg,2961.txt
2962.jpg,2962.txt
2963.jpg,2963.txt
2964.jpg,2964.txt
2965.jpg,2965.txt
2966.jpg,2966.txt
2967.jpg,2967.txt
2968.jpg,2968.txt
2969.jpg,2969.txt
2970.jpg,2970.txt
2971.jpg,2971.txt
2972.jpg,2972.txt
2973.jpg,2973.txt
2974.jpg,2974.txt
2975.jpg,2975.txt
2976.jpg,2976.txt
2977.jpg,2977.txt
2978.jpg,2978.txt
2979.jpg,2979.txt
2980.jpg,2980.txt
2981.jpg,2981.txt
2982.jpg,2982.txt
2983.jpg,2983.txt
2984.jpg,2984.txt
2985.jpg,2985.txt
2986.jpg,2986.txt
2987.jpg,2987.txt
2988.jpg,2988.txt
2989.jpg,2989.txt
2990.jpg,2990.txt
2991.jpg,2991.txt
2992.jpg,2992.txt
2993.jpg,2993.txt
2994.jpg,2994.txt
2995.jpg,2995.txt
2996.jpg,2996.txt
2997.jpg,2997.txt
2998.jpg,2998.txt
2999.jpg,2999.txt
3000.jpg,3000.txt
3001.jpg,3001.txt
3002.jpg,3002.txt
3003.jpg,3003.txt
3004.jpg,3004.txt
3005.jpg,3005.txt
3006.jpg,3006.txt
3007.jpg,3007.txt
3008.jpg,3008.txt
3009.jpg,3009.txt
3010.jpg,3010.txt
3011.jpg,3011.txt
3012.jpg,3012.txt
3013.jpg,3013.txt
3014.jpg,3014.txt
3015.jpg,3015.txt
3016.jpg,3016.txt
3017.jpg,3017.txt
3018.jpg,3018.txt
3019.jpg,3019.txt
3020.jpg,3020.txt
3021.jpg,3021.txt
3022.jpg,3022.txt
3023.jpg,3023.txt
3024.jpg,3024.txt
3025.jpg,3025.txt
3026.jpg,3026.txt
3027.jpg,3027.txt
3028.jpg,3028.txt
3029.jpg,3029.txt
3030.jpg,3030.txt
3031.jpg,3031.txt
3032.jpg,3032.txt
3033.jpg,3033.txt
3034.jpg,3034.txt
3035.jpg,3035.txt
3036.jpg,3036.txt
3037.jpg,3037.txt
3038.jpg,3038.txt
3039.jpg,3039.txt
3040.jpg,3040.txt
3041.jpg,3041.txt
3042.jpg,3042.txt
3043.jpg,3043.txt
3044.jpg,3044.txt
3045.jpg,3045.txt
3046.jpg,3046.txt
3047.jpg,3047.txt
3048.jpg,3048.txt
3049.jpg,3049.txt
3050.jpg,3050.txt
3051.jpg,3051.txt
3052.jpg,3052.txt
3053.jpg,3053.txt
3054.jpg,3054.txt
3055.jpg,3055.txt
3056.jpg,3056.txt
3057.jpg,3057.txt
3058.jpg,3058.txt
3059.jpg,3059.txt
3060.jpg,3060.txt
3061.jpg,3061.txt
3062.jpg,3062.txt
3063.jpg,3063.txt
3064.jpg,3064.txt
3065.jpg,3065.txt
3066.jpg,3066.txt
3067.jpg,3067.txt
3068.jpg,3068.txt
3069.jpg,3069.txt
3070.jpg,3070.txt
3071.jpg,3071.txt
3072.jpg,3072.txt
3073.jpg,3073.txt
3074.jpg,3074.txt
3075.jpg,3075.txt
3076.jpg,3076.txt
3077.jpg,3077.txt
3078.jpg,3078.txt
3079.jpg,3079.txt
3080.jpg,3080.txt
3081.jpg,3081.txt
3082.jpg,3082.txt
3083.jpg,3083.txt
3084.jpg,3084.txt
3085.jpg,3085.txt
3086.jpg,3086.txt
3087.jpg,3087.txt
3088.jpg,3088.txt
3089.jpg,3089.txt
3090.jpg,3090.txt
3091.jpg,3091.txt
3092.jpg,3092.txt
3093.jpg,3093.txt
3094.jpg,3094.txt
3095.jpg,3095.txt
3096.jpg,3096.txt
3097.jpg,3097.txt
3098.jpg,3098.txt
3099.jpg,3099.txt
3100.jpg,3100.txt
3101.jpg,3101.txt
3102.jpg,3102.txt
3103.jpg,3103.txt
3104.jpg,3104.txt
3105.jpg,3105.txt
3106.jpg,3106.txt
3107.jpg,3107.txt
3108.jpg,3108.txt
3109.jpg,3109.txt
3110.jpg,3110.txt
3111.jpg,3111.txt
3112.jpg,3112.txt
3113.jpg,3113.txt
3114.jpg,3114.txt
3115.jpg,3115.txt
3116.jpg,3116.txt
3117.jpg,3117.txt
3118.jpg,3118.txt
3119.jpg,3119.txt
3120.jpg,3120.txt
3121.jpg,3121.txt
3122.jpg,3122.txt
3123.jpg,3123.txt
3124.jpg,3124.txt
3125.jpg,3125.txt
3126.jpg,3126.txt
3127.jpg,3127.txt
3128.jpg,3128.txt
3129.jpg,3129.txt
3130.jpg,3130.txt
3131.jpg,3131.txt
3132.jpg,3132.txt
3133.jpg,3133.txt
3134.jpg,3134.txt
3135.jpg,3135.txt
3136.jpg,3136.txt
3137.jpg,3137.txt
3138.jpg,3138.txt
3139.jpg,3139.txt
3140.jpg,3140.txt
3141.jpg,3141.txt
3142.jpg,3142.txt
3143.jpg,3143.txt
3144.jpg,3144.txt
3145.jpg,3145.txt
3146.jpg,3146.txt
3147.jpg,3147.txt
3148.jpg,3148.txt
3149.jpg,3149.txt
3150.jpg,3150.txt
3151.jpg,3151.txt
3152.jpg,3152.txt
3153.jpg,3153.txt
3154.jpg,3154.txt
3155.jpg,3155.txt
3156.jpg,3156.txt
3157.jpg,3157.txt
3158.jpg,3158.txt
3159.jpg,3159.txt
3160.jpg,3160.txt
3161.jpg,3161.txt
3162.jpg,3162.txt
3163.jpg,3163.txt
3164.jpg,3164.txt
3165.jpg,3165.txt
3166.jpg,3166.txt
3167.jpg,3167.txt
3168.jpg,3168.txt
3169.jpg,3169.txt
3170.jpg,3170.txt
3171.jpg,3171.txt
3172.jpg,3172.txt
3173.jpg,3173.txt
3174.jpg,3174.txt
3175.jpg,3175.txt
3176.jpg,3176.txt
3177.jpg,3177.txt
3178.jpg,3178.txt
3179.jpg,3179.txt
3180.jpg,3180.txt
3181.jpg,3181.txt
3182.jpg,3182.txt
3183.jpg,3183.txt
3184.jpg,3184.txt
3185.jpg,3185.txt
3186.jpg,3186.txt
3187.jpg,3187.txt
3188.jpg,3188.txt
3189.jpg,3189.txt
3190.jpg,3190.txt
3191.jpg,3191.txt
3192.jpg,3192.txt
3193.jpg,3193.txt
3194.jpg,3194.txt
3195.jpg,3195.txt
3196.jpg,3196.txt
3197.jpg,3197.txt
3198.jpg,3198.txt
3199.jpg,3199.txt
3200.jpg,3200.txt
3201.jpg,3201.txt
3202.jpg,3202.txt
3203.jpg,3203.txt
3204.jpg,3204.txt
3205.jpg,3205.txt
3206.jpg,3206.txt
3207.jpg,3207.txt
3208.jpg,3208.txt
3209.jpg,3209.txt
3210.jpg,3210.txt
3211.jpg,3211.txt
3212.jpg,3212.txt
3213.jpg,3213.txt
3214.jpg,3214.txt
3215.jpg,3215.txt
3216.jpg,3216.txt
3217.jpg,3217.txt
3218.jpg,3218.txt
3219.jpg,3219.txt
3220.jpg,3220.txt
3221.jpg,3221.txt
3222.jpg,3222.txt
3223.jpg,3223.txt
3224.jpg,3224.txt
3225.jpg,3225.txt
3226.jpg,3226.txt
3227.jpg,3227.txt
3228.jpg,3228.txt
3229.jpg,3229.txt
3230.jpg,3230.txt
3231.jpg,3231.txt
3232.jpg,3232.txt
3233.jpg,3233.txt
3234.jpg,3234.txt
3235.jpg,3235.txt
3236.jpg,3236.txt
3237.jpg,3237.txt
3238.jpg,3238.txt
3239.jpg,3239.txt
3240.jpg,3240.txt
3241.jpg,3241.txt
3242.jpg,3242.txt
3243.jpg,3243.txt
3244.jpg,3244.txt
3245.jpg,3245.txt
3246.jpg,3246.txt
3247.jpg,3247.txt
3248.jpg,3248.txt
3249.jpg,3249.txt
3250.jpg,3250.txt
3251.jpg,3251.txt
3252.jpg,3252.txt
3253.jpg,3253.txt
3254.jpg,3254.txt
3255.jpg,3255.txt
3256.jpg,3256.txt
3257.jpg,3257.txt
3258.jpg,3258.txt
3259.jpg,3259.txt
3260.jpg,3260.txt
3261.jpg,3261.txt
3262.jpg,3262.txt
3263.jpg,3263.txt
3264.jpg,3264.txt
3265.jpg,3265.txt
3266.jpg,3266.txt
3267.jpg,3267.txt
3268.jpg,3268.txt
3269.jpg,3269.txt
3270.jpg,3270.txt
3271.jpg,3271.txt
3272.jpg,3272.txt
3273.jpg,3273.txt
3274.jpg,3274.txt
3275.jpg,3275.txt
3276.jpg,3276.txt
3277.jpg,3277.txt
3278.jpg,3278.txt
3279.jpg,3279.txt
3280.jpg,3280.txt
3281.jpg,3281.txt
3282.jpg,3282.txt
3283.jpg,3283.txt
3284.jpg,3284.txt
3285.jpg,3285.txt
3286.jpg,3286.txt
3287.jpg,3287.txt
3288.jpg,3288.txt
3289.jpg,3289.txt
3290.jpg,3290.txt
3291.jpg,3291.txt
3292.jpg,3292.txt
3293.jpg,3293.txt
3294.jpg,3294.txt
3295.jpg,3295.txt
3296.jpg,3296.txt
3297.jpg,3297.txt
3298.jpg,3298.txt
3299.jpg,3299.txt
3300.jpg,3300.txt
3301.jpg,3301.txt
3302.jpg,3302.txt
3303.jpg,3303.txt
3304.jpg,3304.txt
3305.jpg,3305.txt
3306.jpg,3306.txt
3307.jpg,3307.txt
3308.jpg,3308.txt
3309.jpg,3309.txt
3310.jpg,3310.txt
3311.jpg,3311.txt
3312.jpg,3312.txt
3313.jpg,3313.txt
3314.jpg,3314.txt
3315.jpg,3315.txt
3316.jpg,3316.txt
3317.jpg,3317.txt
3318.jpg,3318.txt
3319.jpg,3319.txt
3320.jpg,3320.txt
3321.jpg,3321.txt
3322.jpg,3322.txt
3323.jpg,3323.txt
3324.jpg,3324.txt
3325.jpg,3325.txt
3326.jpg,3326.txt
3327.jpg,3327.txt
3328.jpg,3328.txt
3329.jpg,3329.txt
3330.jpg,3330.txt
3331.jpg,3331.txt
3332.jpg,3332.txt
3333.jpg,3333.txt
3334.jpg,3334.txt
3335.jpg,3335.txt
3336.jpg,3336.txt
3337.jpg,3337.txt
3338.jpg,3338.txt
3339.jpg,3339.txt
3340.jpg,3340.txt
3341.jpg,3341.txt
3342.jpg,3342.txt
3343.jpg,3343.txt
3344.jpg,3344.txt
3345.jpg,3345.txt
3346.jpg,3346.txt
3347.jpg,3347.txt
3348.jpg,3348.txt
3349.jpg,3349.txt
3350.jpg,3350.txt
3351.jpg,3351.txt
3352.jpg,3352.txt
3353.jpg,3353.txt
3354.jpg,3354.txt
3355.jpg,3355.txt
3356.jpg,3356.txt
3357.jpg,3357.txt
3358.jpg,3358.txt
3359.jpg,3359.txt
3360.jpg,3360.txt
3361.jpg,3361.txt
3362.jpg,3362.txt
3363.jpg,3363.txt
3364.jpg,3364.txt
3365.jpg,3365.txt
3366.jpg,3366.txt
3367.jpg,3367.txt
3368.jpg,3368.txt
3369.jpg,3369.txt
3370.jpg,3370.txt
3371.jpg,3371.txt
3372.jpg,3372.txt
3373.jpg,3373.txt
3374.jpg,3374.txt
3375.jpg,3375.txt
3376.jpg,3376.txt
3377.jpg,3377.txt
3378.jpg,3378.txt
3379.jpg,3379.txt
3380.jpg,3380.txt
3381.jpg,3381.txt
3382.jpg,3382.txt
3383.jpg,3383.txt
3384.jpg,3384.txt
3385.jpg,3385.txt
3386.jpg,3386.txt
3387.jpg,3387.txt
3388.jpg,3388.txt
3389.jpg,3389.txt
3390.jpg,3390.txt
3391.jpg,3391.txt
3392.jpg,3392.txt
3393.jpg,3393.txt
3394.jpg,3394.txt
3395.jpg,3395.txt
3396.jpg,3396.txt
3397.jpg,3397.txt
3398.jpg,3398.txt
3399.jpg,3399.txt
3400.jpg,3400.txt
3401.jpg,3401.txt
3402.jpg,3402.txt
3403.jpg,3403.txt
3404.jpg,3404.txt
3405.jpg,3405.txt
3406.jpg,3406.txt
3407.jpg,3407.txt
3408.jpg,3408.txt
3409.jpg,3409.txt
3410.jpg,3410.txt
3411.jpg,3411.txt
3412.jpg,3412.txt
3413.jpg,3413.txt
3414.jpg,3414.txt
3415.jpg,3415.txt
3416.jpg,3416.txt
3417.jpg,3417.txt
3418.jpg,3418.txt
3419.jpg,3419.txt
3420.jpg,3420.txt
3421.jpg,3421.txt
3422.jpg,3422.txt
3423.jpg,3423.txt
3424.jpg,3424.txt
3425.jpg,3425.txt
3426.jpg,3426.txt
3427.jpg,3427.txt
3428.jpg,3428.txt
3429.jpg,3429.txt
3430.jpg,3430.txt
3431.jpg,3431.txt
3432.jpg,3432.txt
3433.jpg,3433.txt
3434.jpg,3434.txt
3435.jpg,3435.txt
3436.jpg,3436.txt
3437.jpg,3437.txt
3438.jpg,3438.txt
3439.jpg,3439.txt
3440.jpg,3440.txt
3441.jpg,3441.txt
3442.jpg,3442.txt
3443.jpg,3443.txt
3444.jpg,3444.txt
3445.jpg,3445.txt
3446.jpg,3446.txt
3447.jpg,3447.txt
3448.jpg,3448.txt
3449.jpg,3449.txt
3450.jpg,3450.txt
3451.jpg,3451.txt
3452.jpg,3452.txt
3453.jpg,3453.txt
3454.jpg,3454.txt
3455.jpg,3455.txt
3456.jpg,3456.txt
3457.jpg,3457.txt
3458.jpg,3458.txt
3459.jpg,3459.txt
3460.jpg,3460.txt
3461.jpg,3461.txt
3462.jpg,3462.txt
3463.jpg,3463.txt
3464.jpg,3464.txt
3465.jpg,3465.txt
3466.jpg,3466.txt
3467.jpg,3467.txt
3468.jpg,3468.txt
3469.jpg,3469.txt
3470.jpg,3470.txt
3471.jpg,3471.txt
3472.jpg,3472.txt
3473.jpg,3473.txt
3474.jpg,3474.txt
3475.jpg,3475.txt
3476.jpg,3476.txt
3477.jpg,3477.txt
3478.jpg,3478.txt
3479.jpg,3479.txt
3480.jpg,3480.txt
3481.jpg,3481.txt
3482.jpg,3482.txt
3483.jpg,3483.txt
3484.jpg,3484.txt
3485.jpg,3485.txt
3486.jpg,3486.txt
3487.jpg,3487.txt
3488.jpg,3488.txt
3489.jpg,3489.txt
3490.jpg,3490.txt
3491.jpg,3491.txt
3492.jpg,3492.txt
3493.jpg,3493.txt
3494.jpg,3494.txt
3495.jpg,3495.txt
3496.jpg,3496.txt
3497.jpg,3497.txt
3498.jpg,3498.txt
3499.jpg,3499.txt
3500.jpg,3500.txt
3501.jpg,3501.txt
3502.jpg,3502.txt
3503.jpg,3503.txt
3504.jpg,3504.txt
3505.jpg,3505.txt
3506.jpg,3506.txt
3507.jpg,3507.txt
3508.jpg,3508.txt
3509.jpg,3509.txt
3510.jpg,3510.txt
3511.jpg,3511.txt
3512.jpg,3512.txt
3513.jpg,3513.txt
3514.jpg,3514.txt
3515.jpg,3515.txt
3516.jpg,3516.txt
3517.jpg,3517.txt
3518.jpg,3518.txt
3519.jpg,3519.txt
3520.jpg,3520.txt
3521.jpg,3521.txt
3522.jpg,3522.txt
3523.jpg,3523.txt
3524.jpg,3524.txt
3525.jpg,3525.txt
3526.jpg,3526.txt
3527.jpg,3527.txt
3528.jpg,3528.txt
3529.jpg,3529.txt
3530.jpg,3530.txt
3531.jpg,3531.txt
3532.jpg,3532.txt
3533.jpg,3533.txt
3534.jpg,3534.txt
3535.jpg,3535.txt
3536.jpg,3536.txt
3537.jpg,3537.txt
3538.jpg,3538.txt
3539.jpg,3539.txt
3540.jpg,3540.txt
3541.jpg,3541.txt
3542.jpg,3542.txt
3543.jpg,3543.txt
3544.jpg,3544.txt
3545.jpg,3545.txt
3546.jpg,3546.txt
3547.jpg,3547.txt
3548.jpg,3548.txt
3549.jpg,3549.txt
3550.jpg,3550.txt
3551.jpg,3551.txt
3552.jpg,3552.txt
3553.jpg,3553.txt
3554.jpg,3554.txt
3555.jpg,3555.txt
3556.jpg,3556.txt
3557.jpg,3557.txt
3558.jpg,3558.txt
3559.jpg,3559.txt
3560.jpg,3560.txt
3561.jpg,3561.txt
3562.jpg,3562.txt
3563.jpg,3563.txt
3564.jpg,3564.txt
3565.jpg,3565.txt
3566.jpg,3566.txt
3567.jpg,3567.txt
3568.jpg,3568.txt
3569.jpg,3569.txt
3570.jpg,3570.txt
3571.jpg,3571.txt
3572.jpg,3572.txt
3573.jpg,3573.txt
3574.jpg,3574.txt
3575.jpg,3575.txt
3576.jpg,3576.txt
3577.jpg,3577.txt
3578.jpg,3578.txt
3579.jpg,3579.txt
3580.jpg,3580.txt
3581.jpg,3581.txt
3582.jpg,3582.txt
3583.jpg,3583.txt
3584.jpg,3584.txt
3585.jpg,3585.txt
3586.jpg,3586.txt
3587.jpg,3587.txt
3588.jpg,3588.txt
3589.jpg,3589.txt
3590.jpg,3590.txt
3591.jpg,3591.txt
3592.jpg,3592.txt
3593.jpg,3593.txt
3594.jpg,3594.txt
3595.jpg,3595.txt
3596.jpg,3596.txt
3597.jpg,3597.txt
3598.jpg,3598.txt
3599.jpg,3599.txt
3600.jpg,3600.txt
3601.jpg,3601.txt
3602.jpg,3602.txt
3603.jpg,3603.txt
3604.jpg,3604.txt
3605.jpg,3605.txt
3606.jpg,3606.txt
3607.jpg,3607.txt
3608.jpg,3608.txt
3609.jpg,3609.txt
